file_path,label
test/4860145119_b1c3cbaa4e_n.jpg,2
test/480228053_513791d474.jpg,4
test/5001858821_731d128f20_n.jpg,2
test/8265023280_713f2c69d0_m.jpg,1
test/1314069875_da8dc023c6_m.jpg,0
test/7166598930_18d8686ace_n.jpg,4
test/33850973214_c1b4000d9c_n.jpg,1
test/2331651885_619653a5d3.jpg,4
test/7806320016_fcddfc1f8f_n.jpg,0
test/3451079245_2139200d66_n.jpg,1
test/27619697563_228f5c4677_n.jpg,2
test/13929462317_96342a9a44.jpg,2
test/2607130050_9c34310004.jpg,2
test/34476770012_38fba290f3_n.jpg,0
test/15820572326_be2ea4a55c_n.jpg,2
test/17027891179_3edc08f4f6.jpg,0
test/12025038686_7f10811d4b_n.jpg,4
test/34699848885_a832ee03ab_n.jpg,1
test/2065522422_cfdd80044a_n.jpg,2
test/8712267391_c756f18ee7_n.jpg,4
test/2258973326_03c0145f15_n.jpg,2
test/33871813063_d7b6bedafe_n.jpg,0
test/16907559551_05ded87fb2_n.jpg,4
test/2443921986_d4582c123a.jpg,3
test/3589816063_50f8de7b64_m.jpg,1
test/5693502877_41c11295b6_n.jpg,2
test/13979098645_50b9eebc02_n.jpg,4
test/7184780734_3baab127c2_m.jpg,1
test/8194560480_bfc1fb5801.jpg,0
test/8083321316_f62ea76f72_n.jpg,0
test/6125761554_4e72819ce4_m.jpg,3
test/151979452_9832f08b69.jpg,1
test/16716172029_2166d8717f_m.jpg,1
test/33568345265_e4f7d0fe45_n.jpg,2
test/14144522269_bc20029375_m.jpg,3
test/33855966243_01b2486428_n.jpg,0
test/4735314389_94fe1b2a9f_n.jpg,2
test/15060816740_68e1b2c31b.jpg,4
test/54377391_15648e8d18.jpg,2
test/14166797345_d2ab9da518.jpg,2
test/14099204939_60e6ffa4c3_n.jpg,4
test/13888320717_d2919a879b_m.jpg,4
test/3580437733_9ef51f2981_n.jpg,1
test/16152205512_9d6cb80fb6.jpg,2
test/34283646340_4fe48d1bb7_n.jpg,0
test/34288158610_6e42406193_n.jpg,0
test/8368015811_2893411cf7_n.jpg,3
test/5905502226_bb23bd8fa0_n.jpg,3
test/12240303_80d87f77a3_n.jpg,2
test/4945315538_97bdd873c4.jpg,4
test/163978992_8128b49d3e_n.jpg,0
test/15061894841_e5aca59ecd_n.jpg,4
test/3889699518_77bf85bf44_n.jpg,3
test/2950505226_529e013bf7_m.jpg,3
test/1314584013_fe935fdeb1_n.jpg,1
test/17449165090_dfb27af360_n.jpg,2
test/17029965300_8e755c2214_n.jpg,2
test/2333321040_3960b9d67e_n.jpg,4
test/5718512892_a175a94c45_n.jpg,4
test/34588967411_84b348245b_n.jpg,1
test/8605564823_7a59d3d92a.jpg,2
test/3001533700_1c62fb8b4a_n.jpg,3
test/10172567486_2748826a8b.jpg,0
test/6054952060_c88612f3c5_n.jpg,0
test/8433716268_8b7b4083bc_n.jpg,1
test/18999743619_cec3f39bee.jpg,1
test/34696730346_5f0c131e59_n.jpg,0
test/13510068773_c925c5517c.jpg,3
test/6140661443_bb48344226.jpg,3
test/16833748795_b681b2839f_n.jpg,1
test/5885826924_38fdc6bcaa_n.jpg,0
test/5937914300_bfca430439_n.jpg,3
test/8817622133_a42bb90e38_n.jpg,4
test/4668543441_79040ca329_n.jpg,0
test/7094415739_6b29e5215c_m.jpg,1
test/1379256773_bb2eb0d95b_n.jpg,3
test/446484749_4044affcaf_n.jpg,0
test/3550491463_3eb092054c_m.jpg,1
test/5543457754_89c44c88de_n.jpg,4
test/5050969148_a0090f762a.jpg,1
test/10437929963_bc13eebe0c.jpg,0
test/5744236092_de84b4e38d_n.jpg,1
test/2979133707_84aab35b5d.jpg,3
test/3326037909_b5ae370722_n.jpg,0
test/4540555191_3254dc4608_n.jpg,1
test/7166620850_8a37b95972_n.jpg,2
test/20182559506_40a112f762.jpg,0
test/15495579081_661cb260d1_n.jpg,3
test/175106495_53ebdef092_n.jpg,0
test/5159317458_bbb22e2f65_n.jpg,2
test/7218569994_de7045c0c0.jpg,3
test/3311874685_7b9ef10f7e_m.jpg,3
test/15123503538_8ee984abc6.jpg,1
test/18378581986_5cd1494d08_n.jpg,4
test/18302793940_8fcc8b4661_n.jpg,2
test/4902448474_6850b85765_n.jpg,3
test/340190928_d77bf4d615.jpg,3
test/14814264272_4b39a102f9_n.jpg,3
test/4612833069_8e48b47aa4_n.jpg,4
test/1241011700_261ae180ca.jpg,1
test/6931715360_34edc5a372_m.jpg,4
test/112951086_150a59d499_n.jpg,4
test/3662701865_3ff283a33a_n.jpg,1
test/13539404903_cd113e3e9b.jpg,4
test/5768217474_f6b1eef6d5_n.jpg,1
test/4571993204_5b3efe0e78.jpg,3
test/3683873444_be4a609c46.jpg,3
test/16643785404_284c6c23fe_n.jpg,2
test/15472217046_2699b25584.jpg,3
test/17388674711_6dca8a2e8b_n.jpg,1
test/16241101274_334b54731e.jpg,1
test/5492988531_574cdc2bf0_n.jpg,2
test/5139977579_ea2dd6a322_m.jpg,1
test/34530932101_957fab3650_n.jpg,0
test/14200639491_2a4611916d_n.jpg,1
test/20183028616_beb937e75c_m.jpg,3
test/9617087594_ec2a9b16f6.jpg,1
test/4557781241_0060cbe723_n.jpg,1
test/8964198962_6d8593b533.jpg,0
test/2996573407_5e473b9359.jpg,3
test/4552591312_02fe1dcc04_n.jpg,1
test/16975010069_7afd290657_m.jpg,3
test/15978020586_6cb322b120_n.jpg,2
test/4940287066_385afd9c18_m.jpg,3
test/20773528301_008fcbc5a1_n.jpg,0
test/18486123042_5c8da68f38_n.jpg,1
test/8524505868_236f4c94b5.jpg,2
test/4512569988_2b3f802cc6.jpg,1
test/34520699571_f880744f46_n.jpg,0
test/33852722714_496828f866_n.jpg,1
test/15782158700_3b9bf7d33e_m.jpg,1
test/3939135368_0af5c4982a_n.jpg,0
test/34351608230_f95038a5a4_n.jpg,1
test/200557977_bf24d9550b.jpg,3
test/33802431204_7c58f4e21b_n.jpg,0
test/8713394070_b24561b0a9.jpg,4
test/5643666851_dc3f42399d_m.jpg,1
test/21347496068_f4d3339607.jpg,4
test/7166596680_a01961a618_n.jpg,4
test/5767676943_4f9c7323f3_n.jpg,1
test/7141013005_d2f168c373.jpg,1
test/14054827391_139fb54432.jpg,4
test/5635347336_bc1400e939_n.jpg,4
test/5896354497_6a19162741.jpg,3
test/13235124703_a7e1266e44.jpg,0
test/17165583356_38cb1f231d_n.jpg,0
test/34695605616_3b05bb1ef5_n.jpg,3
test/6934951920_d43ff8b78d.jpg,4
test/8717900362_2aa508e9e5.jpg,1
test/17420983523_2e32d70359.jpg,1
test/16594995743_ce72c61201_n.jpg,4
test/6227136437_6117068599_m.jpg,4
test/17101762155_2577a28395.jpg,1
test/506348009_9ecff8b6ef.jpg,0
test/34342014230_4230ae8e08_n.jpg,1
test/14253178841_8a637b64f0_n.jpg,4
test/3264570182_c7ded528ba_m.jpg,1
test/5292988046_a10f4b0365_n.jpg,1
test/2412250315_a04171da51_n.jpg,4
test/7064813645_f7f48fb527.jpg,3
test/3491933306_43cfe2cfbe.jpg,0
test/2689228449_e0be72cf00_n.jpg,3
test/14312910041_b747240d56_n.jpg,0
test/17831860736_3e44667bbb_n.jpg,1
test/8181477_8cb77d2e0f_n.jpg,3
test/19922971178_a71078f2ed_n.jpg,4
test/8842317179_d59cf218cb_n.jpg,1
test/6495559397_61d01c0c57.jpg,3
test/19544831049_0d738d4872_m.jpg,0
test/7141019507_4a44c6e888_m.jpg,1
test/7502389724_85b4a6c855_n.jpg,2
test/2425164088_4a5d2cdf21_n.jpg,3
test/850416050_31b3ff7086.jpg,0
test/5874818796_3efbb8769d.jpg,0
test/14943194730_f48b4d4547_n.jpg,2
test/13561912705_e5eeb41433_z.jpg,1
test/2949945463_366bc63079_n.jpg,2
test/3415180846_d7b5cced14_m.jpg,0
test/2514748602_343d4727c0_n.jpg,0
test/3512879565_88dd8fc269_n.jpg,1
test/34533729452_7d8e2b519d_n.jpg,1
test/21657726011_2c94e341bc_n.jpg,1
test/10386540106_1431e73086_m.jpg,3
test/7316409504_7cf3707f8a_m.jpg,4
test/3454461550_64d6e726bf_m.jpg,4
test/8710109684_e2c5ef6aeb_n.jpg,0
test/5891485349_cce7b99549.jpg,4
test/8671682526_7058143c99.jpg,2
test/1022552036_67d33d5bd8_n.jpg,3
test/15147464747_594599c855_m.jpg,1
test/19722589898_233a0235af_n.jpg,4
test/14955545254_324cd4ee75.jpg,3
test/6985099958_5249a4688b.jpg,1
test/5091281256_648c37d7c1_n.jpg,3
test/5970300143_36b42437de_n.jpg,3
test/16506668270_b823935dc3.jpg,0
test/7470985688_c1ee9105fa_n.jpg,2
test/5001848317_b33d17ab7a_n.jpg,2
test/2895404754_6d9f9416d7_n.jpg,3
test/18486146942_e09ecd0e25_n.jpg,0
test/132538272_63658146d9_n.jpg,4
test/8690789564_394eb04982_n.jpg,4
test/17719248689_cfd5d2f228_n.jpg,4
test/5634767665_0ae724774d.jpg,4
test/4500964841_b1142b50fb_n.jpg,1
test/14554906452_35f066ffe9_n.jpg,0
test/8979087213_28f572174c.jpg,1
test/3713290261_8a66de23ab.jpg,0
test/8744249948_36cb1969f8_m.jpg,0
test/5717950507_087513ecbf_n.jpg,4
test/33857437664_f2ddb77592_n.jpg,0
test/1955336401_fbb206d6ef_n.jpg,0
test/493696003_f93ffb3abd_n.jpg,1
test/5349860036_389d912fb7_n.jpg,0
test/2503875867_2075a9225d_m.jpg,1
test/6799076717_575944af91_m.jpg,4
test/4650752466_ed088e0d85_n.jpg,1
test/17291908295_dc7d45ae9b_n.jpg,4
test/112650879_82adc2cc04_n.jpg,4
test/14128835667_b6a916222c.jpg,1
test/2535936698_78cc03df3f_n.jpg,4
test/13197345653_0f685b3c97_n.jpg,4
test/14928117202_139d2142cc_n.jpg,3
test/525780443_bba812c26a_m.jpg,0
test/5691090657_2f1e9bf49e_n.jpg,4
test/4144275653_7c02d47d9b.jpg,1
test/10443973_aeb97513fc_m.jpg,1
test/538920244_59899a78f8_n.jpg,0
test/20965412955_2c640b13bd.jpg,3
test/8747396730_966149e6fe_n.jpg,2
test/5704726114_a92f753514.jpg,4
test/19526570282_1d1e71b0f3_m.jpg,1
test/9054268881_19792c5203_n.jpg,0
test/4265711814_9a006ee5b8.jpg,1
test/909609509_a05ccb8127.jpg,0
test/1273326361_b90ea56d0d_m.jpg,1
test/9533964635_f38e6fa3c3.jpg,1
test/34510103621_250ee7ae64_n.jpg,0
test/19442589512_e733cfea0f.jpg,1
test/3276552939_8c31b22d3e.jpg,2
test/2536282942_b5ca27577e.jpg,2
test/13887066460_64156a9021.jpg,0
test/15118397087_bfb7ea70d5_n.jpg,4
test/8058286066_acdf082487_n.jpg,1
test/14646281372_5f13794b47.jpg,3
test/6994351792_343e18cbf6_n.jpg,4
test/5602220566_5cdde8fa6c_n.jpg,2
test/2328600790_90e2942557_n.jpg,3
test/14093907931_dd8f642574.jpg,4
test/112428919_f0c5ad7d9d_n.jpg,4
test/4675287055_5938ed62c4.jpg,1
test/5674704952_9bd225ed9e_n.jpg,4
test/15054864058_2edca122a9_n.jpg,3
test/2280950463_86510c2789_n.jpg,4
test/3639009391_0f910681b7.jpg,1
test/5001844777_d9e1968119_n.jpg,2
test/15644450971_6a28298454_n.jpg,1
test/4550278535_dfdf7b74ef.jpg,4
test/16938892686_3613ea68e8_n.jpg,4
test/34524085651_1f0b7e9497_n.jpg,0
test/5628970369_54eb9ed31c_n.jpg,2
test/12916017805_1cde91a891_n.jpg,4
test/8759177308_951790e00d_m.jpg,0
test/4042180234_64cd2859c9_m.jpg,4
test/8647874151_aac8db2588_m.jpg,1
test/15973657966_d6f6005539_n.jpg,2
test/5719416820_3060e3c1f0.jpg,4
test/3336704121_cfeb67a7d7.jpg,0
test/13509967925_eaaeefa396_m.jpg,4
test/5979668702_fdaec9e164_n.jpg,3
test/19504937128_a4ae90fcbd_m.jpg,3
test/28661674053_44f8034570_n.jpg,3
test/15218871222_c104032ca1.jpg,3
test/19710076021_f5bb162540.jpg,3
test/212720516_df4965ebda_n.jpg,4
test/34206776142_941d75c2ed_n.jpg,1
test/4414083164_3f285f8ac5.jpg,3
test/8497389500_45636fdd14.jpg,1
test/7568630428_8cf0fc16ff_n.jpg,0
test/19812060274_c432f603db.jpg,1
test/8983268106_dc913d17d8_m.jpg,2
test/14460081668_eda8795693_m.jpg,3
test/14674067742_73c2602aa6_m.jpg,4
test/6482016425_d8fab362f6.jpg,3
test/3704306975_75b74497d8.jpg,0
test/5718511762_43b08f50ff_n.jpg,2
test/6103898045_e066cdeedf_n.jpg,1
test/10466558316_a7198b87e2.jpg,0
test/20246050943_3620c7373f_n.jpg,4
test/15509799653_0562d4a4fa.jpg,2
test/2634665077_597910235f_m.jpg,1
test/19413898445_69344f9956_n.jpg,4
test/5961803532_9368212949_m.jpg,2
test/34310869690_56cdc84a17_n.jpg,0
test/4341530649_c17bbc5d01.jpg,3
test/3858508462_db2b9692d1.jpg,3
test/19617501581_606be5f716_n.jpg,1
test/3098641292_76c908ba1f_n.jpg,0
test/14097111174_87a2e7e0c7_n.jpg,4
test/158988663_6fe055fcb4.jpg,1
test/6309548569_932fee8313_m.jpg,4
test/6132275522_ce46b33c33_m.jpg,1
test/13386618495_3df1f1330d.jpg,0
test/6897671808_57230e04c5_n.jpg,1
test/2733109082_1351f6738a_n.jpg,3
test/5109508979_68e3530791_m.jpg,0
test/5417115048_3b78d6c875_n.jpg,4
test/19622465055_2a62ebd504_m.jpg,1
test/18464055536_709c8af0b7_n.jpg,2
test/5335931029_74c01d3c35_n.jpg,2
test/164670176_9f5b9c7965.jpg,3
test/4691257171_23a29aaa33_n.jpg,1
test/7456611336_52fec6b57e_n.jpg,4
test/8780964418_7a01a7f48a_n.jpg,1
test/14761980161_2d6dbaa4bb_m.jpg,1
test/434146736_310a42d9cb_m.jpg,4
test/2059172936_032ffc12aa.jpg,2
test/5349250145_960c51d4fc_n.jpg,2
test/5181899042_0a6ffe0c8a_n.jpg,3
test/8983779970_9d3a6a3bf2_n.jpg,0
test/19912513252_93d8df17cf_n.jpg,4
test/5208680166_c4372477ef_n.jpg,4
test/10828951106_c3cd47983f.jpg,1
test/2883115609_5a69357b5d_m.jpg,3
test/6133988570_9dc778e622_m.jpg,3
test/34670512115_af22cce24d_n.jpg,0
test/4407065098_ef25f1ccac_n.jpg,0
test/2498632196_e47a472d5a.jpg,0
test/19697910486_0086d893a2.jpg,3
test/7884440256_91c033732d.jpg,1
test/3498663243_42b39b4185_m.jpg,4
test/1562198683_8cd8cb5876_n.jpg,2
test/40410814_fba3837226_n.jpg,3
test/2141413229_3f0425f972_n.jpg,2
test/3502447188_ab4a5055ac_m.jpg,1
test/8337607102_d9e0fa887e.jpg,2
test/19732081840_f573a3827d_n.jpg,1
test/12471441503_d188b5f31a_m.jpg,3
test/301964511_fab84ea1c1.jpg,0
test/7166606598_5d2cd307c3.jpg,4
test/19271410704_932d1f2c97_n.jpg,2
test/510677438_73e4b91c95_m.jpg,1
test/13979889721_42a59ca9fa_m.jpg,4
test/15987457_49dc11bf4b.jpg,1
test/8853083579_dd1dfa3188.jpg,3
test/14354051035_1037b30421_n.jpg,0
test/19756232959_17cde3b9f0_m.jpg,3
test/26004221274_74900d17e1_n.jpg,1
test/2509545845_99e79cb8a2_n.jpg,0
test/8717157979_05cbc10cc1.jpg,1
test/14932787983_d6e05f2434_m.jpg,3
test/2979297519_17a08b37f6_m.jpg,3
test/7280222348_a87725ca77.jpg,1
test/14245834619_153624f836.jpg,0
test/6250363717_17732e992e_n.jpg,1
test/3764116502_f394428ee0_n.jpg,0
test/13539827514_79b60b6c22_n.jpg,4
test/15460162172_014bcce403.jpg,3
test/2053476785_c162a3e358.jpg,2
test/5139969631_743880e01d_n.jpg,3
test/1396526833_fb867165be_n.jpg,0
test/14350958832_29bdd3a254.jpg,0
test/4019748730_ee09b39a43.jpg,3
test/3455026124_d66cafb9fc.jpg,4
test/3451637528_b245144675_n.jpg,1
test/14886963928_d4856f1eb6_n.jpg,1
test/13916196427_50a611008f.jpg,1
test/4638438929_2ec76083c8_m.jpg,1
test/6250692311_cb60c85ee9_n.jpg,3
test/5547758_eea9edfd54_n.jpg,0
test/9922116524_ab4a2533fe_n.jpg,0
test/16001846141_393fdb887e_n.jpg,2
test/2481428401_bed64dd043.jpg,1
test/9231555352_d2dd8f8e68_m.jpg,3
test/4574737576_044403a997_n.jpg,1
test/8234846550_fdaf326dbe.jpg,3
test/35477171_13cb52115c_n.jpg,3
test/34605411661_4e735bd995_n.jpg,1
test/8722514702_7ecc68691c.jpg,4
test/5694071486_90c2b1aee5_n.jpg,2
test/4117620896_070e5887ae_m.jpg,4
test/22785985545_95464115b0_m.jpg,1
test/33411423082_8150d9254e_n.jpg,2
test/3062794421_295f8c2c4e.jpg,3
test/18245124970_e68fd3f3c3.jpg,4
test/33873410454_04bc2167f4_n.jpg,1
test/14651385476_7ccb20e594_m.jpg,3
test/14683774134_6367640585.jpg,2
test/5647842237_b1c5196718_n.jpg,1
test/11944957684_2cc806276e.jpg,2
test/7280227122_7ea2bef7f4_n.jpg,1
test/13910479407_936fd3122d.jpg,4
test/5876455546_32049e5585.jpg,0
test/13471273823_4800ca8eec.jpg,3
test/4624036600_11a4744254_n.jpg,1
test/14646280372_dd50be16e4_n.jpg,3
test/2392457180_f02dab5c65.jpg,2
test/1031799732_e7f4008c03.jpg,0
test/3584415133_a4122ab7b9.jpg,1
test/4093390305_4010c736c9.jpg,2
test/210076535_80951bc5d5.jpg,3
test/16903172207_2cd7aca66a.jpg,2
test/3998927705_af499a4f29.jpg,1
test/7448453762_aea8739f1b.jpg,4
test/33892172244_684e99b6fc_n.jpg,1
test/8050213579_48e1e7109f.jpg,4
test/5626895440_97a0ec04c2_n.jpg,0
test/9206376642_8348ba5c7a.jpg,3
test/17344936845_fec4d626b7.jpg,1
test/7683456068_02644b8382_m.jpg,2
test/4550784336_584d7a65de_m.jpg,1
test/14053292975_fdc1093571_n.jpg,4
test/5875763050_82f32f2eed_m.jpg,1
test/9400904374_37723396e3_n.jpg,1
test/5002450022_33337e895b_n.jpg,2
test/1150395827_6f94a5c6e4_n.jpg,0
test/14154164774_3b39d36778.jpg,4
test/144099102_bf63a41e4f_n.jpg,0
test/12572786553_634868f7f2_n.jpg,2
test/113960470_38fab8f2fb_m.jpg,2
test/2596413098_7ef69b7e1d_m.jpg,1
test/10555826524_423eb8bf71_n.jpg,0
test/20753711039_0b11d24b50_n.jpg,3
test/3337536080_1db19964fe.jpg,0
test/8758464923_75a5ffe320_n.jpg,4
test/7456439188_c2ba954a5d_n.jpg,4
test/14487712670_aebe715525_m.jpg,4
test/13903946578_187f904c9a_n.jpg,4
test/3506615859_9850830cf0.jpg,1
test/15118243470_7e0a7f159c_n.jpg,3
test/5745882709_fb6fc8f02a_n.jpg,1
test/8981828144_4b66b4edb6_n.jpg,1
test/4300258119_b03f2f956e.jpg,4
test/5718513240_e84d5a7e89_n.jpg,0
test/20489160931_3c445b6b02_n.jpg,4
test/14069842098_7a7bd956bf_n.jpg,4
test/15122622946_1707cfd8a5_n.jpg,3
test/751941983_58e1ae3957_m.jpg,1
test/3742155164_14b557a51c_n.jpg,2
test/8181940917_1ac63937d5_n.jpg,2
test/5718511304_9334269df2_n.jpg,4
test/6141199476_9b6d383fd9.jpg,3
test/6994933428_307b092ce7_m.jpg,1
test/527513005_41497ca4dc.jpg,2
test/142235017_07816937c6.jpg,4
test/5967284308_85714d8cf7_m.jpg,3
test/15054865217_e398d0dc9f_n.jpg,3
test/19813618946_93818db7aa_m.jpg,0
test/5896110423_e084b33401_n.jpg,1
test/4933823194_33f6e32c5a.jpg,3
test/132538273_335240fe5b_n.jpg,2
test/20742669999_53de71a4c9_n.jpg,4
test/5721768347_2ec4d2247b_n.jpg,2
test/197011740_21825de2bf.jpg,3
test/2423565102_2f1a00bb1b_n.jpg,2
test/16988605969_570329ff20_n.jpg,3
test/4846786944_2832c5c8b8.jpg,3
test/15243175532_ac28c48e14_m.jpg,3
test/3198028825_fdfaa1d020.jpg,1
test/15277801151_5ed88f40f0_n.jpg,2
test/9497774935_a7daec5433_n.jpg,3
test/5762590366_5cf7a32b87_n.jpg,1
test/1193386857_3ae53574f2_m.jpg,1
test/459633569_5ddf6bc116_m.jpg,1
test/34346200780_c3a783a3ec_n.jpg,1
test/14439618952_470224b89b_n.jpg,2
test/6970683464_f70838ca3a_n.jpg,2
test/15066430311_fb57fa92b0_m.jpg,3
test/6953830582_8525e0423c_n.jpg,1
test/15818051327_9a44bf6244_n.jpg,2
test/20340657765_ddb2d2154e_n.jpg,4
test/22679060358_561ec823ae_m.jpg,4
test/3440366251_5b9bdf27c9_m.jpg,0
test/29157239893_f43793c697_n.jpg,1
test/17148843706_df148301ac_n.jpg,3
test/8011324555_375b7b5b0a.jpg,1
test/4258272381_65bd4b8191_m.jpg,1
test/17104364030_ee31ee279b_n.jpg,4
test/17862580326_293070978d_m.jpg,1
test/5336545886_7b93463c06_n.jpg,2
test/510844526_858b8fe4db.jpg,0
test/3210019014_1bbd8bff20_n.jpg,4
test/3357432116_b3dce6fed3_n.jpg,1
test/18001393975_2a6acaabd8.jpg,1
test/2347579838_dd6d2aaefc_n.jpg,0
test/174109630_3c544b8a2f.jpg,2
test/13562266594_69b807f90c.jpg,1
test/5333437251_ce0aa6925d_n.jpg,2
test/4333085242_bbeb3e2841_m.jpg,1
test/33918001783_06a692e371_n.jpg,1
test/18996957833_0bd71fbbd4_m.jpg,1
test/4623843480_23e3fb8dcc_n.jpg,3
test/5037531593_e2daf4c7f1.jpg,3
test/5776879272_95008399c3.jpg,1
test/10617162044_8740d4dd9f_n.jpg,1
test/4582198748_20fa7caaa1.jpg,4
test/14055538059_b826e0ac2b_n.jpg,4
test/33879354664_615c72773d_n.jpg,3
test/21518663809_3d69f5b995_n.jpg,3
test/5349248997_4b23a7344d_n.jpg,2
test/13807932364_673b7f1c1c_n.jpg,0
test/4550091966_7f3e0f8802_n.jpg,2
test/20435554843_ba6862f923_n.jpg,4
test/15358221063_2c6e548e84.jpg,2
test/6299498346_b9774b6500.jpg,0
test/15005530987_e13b328047_n.jpg,0
test/4286053334_a75541f20b_m.jpg,0
test/15922772266_1167a06620.jpg,2
test/3398195641_456872b48b_n.jpg,1
test/8963359346_65ca69c59d_n.jpg,1
test/13530687085_9b515735ef_m.jpg,4
test/18250039435_7654bc11be_n.jpg,3
test/14122029097_3e3285ca5c_n.jpg,4
test/506660896_c903cca1f0.jpg,1
test/4872892690_52dc25b0b4.jpg,3
test/4591323356_030d8b6967_m.jpg,4
test/107592979_aaa9cdfe78_m.jpg,1
test/5577555349_2e8490259b.jpg,4
test/8174935717_d19367d502.jpg,3
test/4516198427_0e5099cd8e.jpg,4
test/40410686_272bc66faf_m.jpg,3
test/2303491518_f25fee9440.jpg,1
test/284497233_c19801752c.jpg,1
test/2257649769_deaf97e2c9_n.jpg,1
test/2307673262_e1e1aefd29.jpg,2
test/20910465721_fd8dcc8fcc_n.jpg,4
test/3421027755_cdb8fef8e8_n.jpg,4
test/8687675254_c93f50d8b0_m.jpg,4
test/3396033831_bb88d93630.jpg,4
test/10994032453_ac7f8d9e2e.jpg,1
test/10841136265_af473efc60.jpg,0
test/18302691898_9dc45afae8_n.jpg,2
test/17324469461_2b318aff8d_m.jpg,0
test/113902743_8f537f769b_n.jpg,4
test/6958243974_8851425ddb_n.jpg,4
test/17095758258_a33642946f_n.jpg,1
test/12093962485_7c3e9a2a23_n.jpg,0
test/8008629838_c62bb2b016_n.jpg,1
test/16911008669_ea21fd8915_n.jpg,1
test/4290566894_c7f061583d_m.jpg,4
test/14404468648_37903d7025_m.jpg,1
test/14057246122_8598b665bd.jpg,4
test/4573886524_5161482ca7_n.jpg,0
test/7367491658_9eb4dc2384_m.jpg,1
test/9497774249_7f5ae70927_m.jpg,3
test/19440805164_920b28da61_n.jpg,2
test/5653364300_bc557236c7_n.jpg,4
test/5897035797_e67bf68124_n.jpg,2
test/133858239_3eaa8a91fd_n.jpg,4
test/7177682195_c29265748d_n.jpg,4
test/10683189_bd6e371b97.jpg,1
test/3464015936_6845f46f64.jpg,1
test/8887005939_b19e8305ee.jpg,4
test/3734999477_7f454081aa_n.jpg,3
test/16110795216_b3e44697b4_m.jpg,0
test/15811411368_f4f2cd8873_n.jpg,2
test/4571923094_b9cefa9438_n.jpg,1
test/18282528206_7fb3166041.jpg,1
test/15096307668_589504b03f_n.jpg,4
test/4895720722_8247f2015b_n.jpg,4
test/3844111216_742ea491a0.jpg,1
test/17276354745_2e312a72b5_n.jpg,1
test/5718511402_c20cb11cef_n.jpg,4
test/13290033_ebd7c7abba_n.jpg,1
test/2612704455_efce1c2144_m.jpg,0
test/1788484468_f73afa6c32_n.jpg,2
test/5002452576_f61a48b2e3_n.jpg,2
test/7630511450_02d3292e90.jpg,0
test/16713229021_bea2533981_n.jpg,1
test/12616825773_9aa4245b57_n.jpg,4
test/7355522_b66e5d3078_m.jpg,3
test/147068564_32bb4350cc.jpg,0
test/12243069253_e512464095_n.jpg,2
test/8127252886_96558c23d1.jpg,0
test/20112366233_d6cb3b6e15_n.jpg,3
test/4696437766_85952d0196.jpg,1
test/9300335851_cdf1cef7a9.jpg,1
test/13530796853_e5993f57d6_n.jpg,4
test/4721773235_429acdf496_n.jpg,1
test/9286947622_4822f4fc21.jpg,0
test/410425647_4586667858.jpg,1
test/6053739964_a1d9ab3ed1_n.jpg,3
test/450128527_fd35742d44.jpg,0
test/3749090865_b90f28a585_n.jpg,3
test/33881308394_738a121eb3_n.jpg,1
test/16670921315_0fc48d7ab2_n.jpg,2
test/4601270210_60136f2b87_n.jpg,1
test/5293283002_9b17f085f7_m.jpg,3
test/4837182901_69a6cc782b_n.jpg,0
test/20342824594_9740b7b160.jpg,3
test/4432271543_01c56ca3a9.jpg,0
test/6606741847_f0198d83ff.jpg,3
test/20596941736_f2c5f496cf.jpg,2
test/3275951182_d27921af97_n.jpg,0
test/29429430522_b7a22cd3df_n.jpg,0
test/14067761295_7cfe6a42e9.jpg,4
test/6089825811_80f253fbe1.jpg,0
test/4581199679_867652c3f1_n.jpg,3
test/4923279674_e7f8e70794_n.jpg,3
test/12916135413_dafcf3089e_n.jpg,4
test/1446090416_f0cad5fde4.jpg,2
test/2349640101_212c275aa7.jpg,4
test/34658035045_7782e95b50_n.jpg,0
test/5933438461_7607cf06e2_n.jpg,3
test/15647243236_2778501cf5_n.jpg,4
test/13231224664_4af5293a37.jpg,2
test/7166546934_c97b08c9d9_n.jpg,4
test/8520482921_21dd204ebd_n.jpg,4
test/5001854803_cb87747d4a_n.jpg,2
test/7222962522_36952a67b6_n.jpg,4
test/21374127408_5ffbe87bb2.jpg,3
test/3758221664_b19116d61f.jpg,0
test/518256494_368a72db37.jpg,4
test/253622055_d72964a7fd_n.jpg,1
test/520752848_4b87fb91a4.jpg,0
test/2294116183_a30d2aa2c1_m.jpg,4
test/16471277547_a0a5509377_n.jpg,4
test/13530786873_0d34880300_n.jpg,4
test/5896103923_075a988bed_n.jpg,0
test/12584810723_c97d00fcfd.jpg,4
test/13539384593_23449f7332_n.jpg,4
test/5061135742_2870a7b691_n.jpg,2
test/22992257000_76dbc599e7_m.jpg,3
test/2535466143_5823e48b63.jpg,2
test/16568321388_fd07bac92a_n.jpg,4
test/11891885265_ccefec7284_n.jpg,1
test/7166574936_3d93a510c5_n.jpg,4
test/685724528_6cd5cbe203.jpg,2
test/4823873762_5f79b0c656_n.jpg,3
test/6145005439_ef6e07f9c6_n.jpg,3
test/15222804561_0fde5eb4ae_n.jpg,2
test/5796562389_ae43c83317_m.jpg,0
test/19397467530_1e8131a7cf.jpg,3
test/1267876087_a1b3c63dc9.jpg,1
test/1469726748_f359f4a8c5.jpg,2
test/4495885281_fe2a3b671d.jpg,2
test/5001847255_34ff6146ec_n.jpg,2
test/6412422565_ce61ca48a9_n.jpg,1
test/2927020075_54c9186797_n.jpg,3
test/8713392604_90631fb809_n.jpg,4
test/14116826873_d4bab623bf_n.jpg,1
test/8754822932_948afc7cef.jpg,1
test/3999978867_c67c79597f_m.jpg,1
test/5632774792_0fa33d17eb_n.jpg,0
test/4809566219_88f9a1aea3.jpg,2
test/98992760_53ed1d26a9.jpg,1
test/13264214185_d6aa79b3bd.jpg,3
test/13999402743_f563f6b685_n.jpg,4
test/33822751084_c83a7abffd_n.jpg,1
test/17080000869_a80e767f4a_m.jpg,1
test/19506262462_d0945c14a6.jpg,1
test/33071081032_a6a1e4b311_n.jpg,1
test/34300874850_923cc2881c_n.jpg,0
test/2491600761_7e9d6776e8_m.jpg,2
test/34520690871_8fe693bc71_n.jpg,1
test/14554897292_b3e30e52f2.jpg,1
test/13979098015_e8c98fd34e_n.jpg,4
test/5799616059_0ffda02e54.jpg,4
test/33809956124_b49dcddf8f_n.jpg,0
test/1880606744_23e3dc4f6b_n.jpg,3
test/2467980325_237b14c737_m.jpg,1
test/14333681205_a07c9f1752_m.jpg,0
test/34701078235_4a770d14a1_n.jpg,0
test/6876631336_54bf150990.jpg,4
test/7461898754_9032a38963_n.jpg,2
test/5045509402_6e052ce443.jpg,1
test/483097906_2c35054346.jpg,1
test/2674176237_e265ea64cc_n.jpg,1
test/2575272111_f04d79b9af_n.jpg,3
test/14253178581_4dfcedb4d3_n.jpg,4
test/5335944093_a00b28c4ff_n.jpg,2
test/2215318403_06eb99176a.jpg,2
test/5718512060_b78a25c084_n.jpg,4
test/5529341024_0c35f2657d.jpg,2
test/14019781123_ea0f8722d4_n.jpg,2
test/7179487220_56e4725195_m.jpg,0
test/8709110478_60d12efcd4_n.jpg,0
test/4356781875_92c5cd93c0.jpg,2
test/12471791574_bb1be83df4.jpg,3
test/15090146325_b7e1249e60.jpg,4
test/11124381625_24b17662bd_n.jpg,1
test/8694909523_3ca25d449d_n.jpg,0
test/21083449726_2895661dfb_n.jpg,4
test/10995953955_089572caf0.jpg,4
test/2272006181_785f1be94f_n.jpg,4
test/34662979916_0479576f5e_n.jpg,1
test/8585103457_d64697c3cf_n.jpg,4
test/126012913_edf771c564_n.jpg,1
test/17851831751_35b071f4b0.jpg,1
test/184682095_46f8607278.jpg,3
test/4797595918_79887b1229_n.jpg,2
test/5755467567_903c31e3d0.jpg,4
test/19178753159_a471bf4b6b.jpg,0
test/4546299243_23cd58eb43.jpg,1
test/3502685880_f026400dce_n.jpg,4
test/921984328_a60076f070_m.jpg,0
test/6606749757_b98a4ba403.jpg,3
test/7166552648_28b6dce578.jpg,2
test/33857335804_7f0c96243b_n.jpg,1
test/5002457330_b77672da1c_n.jpg,2
test/11746367_d23a35b085_n.jpg,2
test/1666341535_99c6f7509f_n.jpg,3
test/14646282112_447cc7d1f9.jpg,3
test/22190242684_8c3300d4e6.jpg,1
test/2477231067_3aecef1bf8_n.jpg,1
test/17994129033_bbd0acba62_n.jpg,4
test/5206847130_ee4bf0e4de_n.jpg,2
test/5433747333_869a2a172d_m.jpg,4
test/2635422362_a1bf641547_m.jpg,1
test/13096076565_72c2c60875_n.jpg,1
test/13942846777_5571a6b0a1_n.jpg,1
test/5443985113_54e9f608b3_n.jpg,4
test/17291930305_79deae6a90_n.jpg,4
test/14069913627_6e87392642_n.jpg,4
test/10919961_0af657c4e8.jpg,1
test/9489270024_1b05f08492_m.jpg,0
test/2497301920_91490c42c0.jpg,1
test/475936554_a2b38aaa8e.jpg,2
test/5129135346_3fa8e804d8_n.jpg,1
test/34339792440_8224ca420d_n.jpg,1
test/2256214682_130c01d9d9.jpg,4
test/5339004958_a0a6f385fd_m.jpg,3
test/20896271018_9f1dc41c93_n.jpg,4
test/14233348496_134e274d0b_n.jpg,2
test/15881325303_f00807a051_n.jpg,4
test/645330051_06b192b7e1.jpg,1
test/4589787911_851cb80157_n.jpg,1
test/4599815420_8ee42c2382.jpg,4
test/14469481104_d0e29f7ffd.jpg,1
test/14414123198_24606fb32d.jpg,1
test/40411019_526f3fc8d9_m.jpg,3
test/27166475803_f5503f51f8_n.jpg,1
test/4336536446_e635f48f2e.jpg,1
test/15082212714_ff87e8fcb1_m.jpg,0
test/2335702923_decb9a860b_m.jpg,1
test/5002446614_bb2a5b4bc1_n.jpg,2
test/19435491090_7af558e17e.jpg,1
test/5140791232_52f2c5b41d_n.jpg,3
test/13911047024_8966d70560_n.jpg,4
test/294451721_5106537b34.jpg,3
test/11023214096_b5b39fab08.jpg,0
test/6140808687_88df0fd733.jpg,3
test/13956300996_07e64a3dbd_n.jpg,4
test/20876954720_62920b4ce8_n.jpg,4
test/7808545612_546cfca610_m.jpg,1
test/2940221732_3507f3e927_n.jpg,3
test/18599603859_f2ec616ddf_n.jpg,2
test/5001852517_6a8713ffe2_n.jpg,2
test/4555842486_dd214a84d7_n.jpg,4
test/418056361_1dfac1c151_n.jpg,2
test/18490508225_0fc630e963_n.jpg,4
test/3379332157_04724f6480.jpg,0
test/15312360171_57bde98799_n.jpg,3
test/14121915990_4b76718077_m.jpg,3
test/7492109308_bbbb982ebe_n.jpg,3
test/7166626128_8e0983ac8e_n.jpg,4
test/678714585_addc9aaaef.jpg,3
test/9515186037_3be48fe68f.jpg,0
test/14172324538_2147808483_n.jpg,1
test/17903104293_9138439e76.jpg,1
test/3500121696_5b6a69effb_n.jpg,2
test/14272874304_47c0a46f5a.jpg,0
test/417251603_69f0ee57a9_m.jpg,4
test/4633323785_20676ff914_m.jpg,1
test/7166567320_0a2beb6d42.jpg,4
test/3889694330_6f84d123d5_n.jpg,1
test/7510262868_cf7d6f6f25_n.jpg,3
test/5434913005_409c1e8b56_n.jpg,2
test/5330608174_b49f7a4c48_m.jpg,3
test/5896680664_641de2de5a_n.jpg,0
test/33880234094_2541c9c83d_n.jpg,0
test/4998708839_c53ee536a8_n.jpg,2
test/5646743865_a8f20b60f7_n.jpg,1
test/15859434664_67bf3ef29f.jpg,2
test/4497973347_57480ffee9_m.jpg,4
test/8696022686_1f8d62c5cb_m.jpg,4
test/9431890901_cd11bda584_n.jpg,4
test/7188112181_571434b058_n.jpg,1
test/4694730335_2553e77aa5_z.jpg,0
test/5110107234_12ddc0206b_m.jpg,0
test/6104442744_ee2bcd32e7_n.jpg,1
test/135994133_4f306fe4bf_n.jpg,4
test/388405293_4db1d71f21_n.jpg,2
test/14674743211_f68b13f6d9.jpg,0
test/3971662839_5cb2963b20_n.jpg,4
test/5139969871_c9046bdaa7_n.jpg,3
test/4951581805_b049304f1b_n.jpg,2
test/3468498624_d082f99e98.jpg,0
test/14330343061_99478302d4_m.jpg,0
test/4544110929_a7de65d65f_n.jpg,0
test/16756198195_13b54e70b3_n.jpg,0
test/9244082319_b1f7e2d8b0_n.jpg,0
test/20883735451_7aa9c50111_n.jpg,2
test/14093565032_a8f1e349d1.jpg,4
test/5600240736_4a90c10579_n.jpg,1
test/754296579_30a9ae018c_n.jpg,0
test/12406229175_82e2ac649c_n.jpg,2
test/6046940312_8faf552f3e_n.jpg,1
test/11881770944_22b4f2f8f6_n.jpg,4
test/6035460327_4bbb708eab_n.jpg,1
test/8301512319_45185c447f_n.jpg,4
test/4632757134_40156d7d5b.jpg,1
test/5810456385_b44358a0ae.jpg,4
test/29821115270_eccd3866e1_n.jpg,0
test/4612766755_7d3f047db0_n.jpg,2
test/3696596109_4c4419128a_m.jpg,1
test/4556178143_e0d32c0a86_n.jpg,1
test/19566556880_476c66c5ee_n.jpg,2
test/34611565966_9de274f987_n.jpg,0
test/8038712786_5bdeed3c7f_m.jpg,3
test/2365428551_39f83f10bf_n.jpg,0
test/5020805135_1219d7523d.jpg,3
test/14982802401_a3dfb22afb.jpg,2
test/21349789961_18ba1af5b7_n.jpg,3
test/3903276582_fe05bf84c7_n.jpg,2
test/14816364517_2423021484_m.jpg,0
test/13472387874_d844478dbb.jpg,4
test/8270191872_61e47ae3b8_m.jpg,1
test/6231418894_7946a7712b_n.jpg,2
test/1244774242_25a20d99a9.jpg,3
test/3143110904_66b4851a58_n.jpg,3
test/14256111494_f9985585f5_n.jpg,4
test/33875520194_09bff6f262_n.jpg,1
test/20972866151_e6a928b00a.jpg,3
test/34310456510_a4ceda64da_n.jpg,1
test/8712270243_8512cf4fbd.jpg,4
test/16862349256_0a1f91ab53.jpg,4
test/4848279231_c4960e28b2_n.jpg,3
test/1306119996_ab8ae14d72_n.jpg,0
test/8668974855_8389ecbdca_m.jpg,4
test/3946535195_9382dcb951_n.jpg,1
test/18111636378_856027a7b8_n.jpg,1
test/33885735373_444ba02d9c_n.jpg,1
test/8938566373_d129e7af75.jpg,0
test/5979111025_3bcae48ae6_n.jpg,3
test/13999392173_b1411f8b23_n.jpg,4
test/34692530906_fe2470a5e5_n.jpg,1
test/18587334446_ef1021909b_n.jpg,1
test/15149373026_93aacc65c5.jpg,4
test/4312181724_16dab26afb_n.jpg,4
test/15972976206_d32feeb79b_n.jpg,2
test/5896679822_5f60d35c33_n.jpg,1
test/3581252194_8c976d333a_n.jpg,1
test/5001845289_e5740889b0_n.jpg,2
test/4666648087_b10f376f19.jpg,0
test/14107161906_5737e0e4ec.jpg,2
test/7454630692_ab2d67dd18_m.jpg,0
test/229488796_21ac6ee16d_n.jpg,2
test/5002447916_8a7b7b689a_n.jpg,2
test/4553203984_9cb9312240_n.jpg,2
test/14048849371_ec9dbafaeb_m.jpg,1
test/2045022175_ad087f5f60_n.jpg,1
test/7461897646_3203dbe067_n.jpg,2
