Experiment Type,Epoch,Train Accuracy,Train Loss,Valid Accuracy,Valid Loss
Resnet18 Self-Supervise Rotation Model,1,43.58432780652656,1.2189128807670362,31.414012738853504,1.5945164
Resnet18 Self-Supervise Rotation Model,2,50.10032738409547,1.1018341709230397,53.961783439490446,1.2661289
Resnet18 Self-Supervise Rotation Model,3,50.5755623613898,1.0816884572441514,53.52866242038217,1.5235314
Resnet18 Self-Supervise Rotation Model,4,52.011828070546,1.0645249368169822,49.961783439490446,2.1609728
Resnet18 Self-Supervise Rotation Model,5,52.48706304784032,1.0493088096782968,54.90445859872612,0.96975726
Resnet18 Self-Supervise Rotation Model,6,52.1702397296441,1.0349674356748928,54.80254777070064,1.1422206
Resnet18 Self-Supervise Rotation Model,7,53.13127046150597,1.024770192701269,40.45859872611465,1.3679361
Resnet18 Self-Supervise Rotation Model,8,52.43425916147429,1.029012367733427,33.42675159235669,1.5896026
Resnet18 Self-Supervise Rotation Model,9,53.43753300242898,1.014582232647651,56.02547770700637,1.1121294
Resnet18 Self-Supervise Rotation Model,10,53.73323476607878,1.0050456171502935,35.796178343949045,1.4187479
Resnet18 Self-Supervise Rotation Model,11,54.00781497518217,1.001190748367761,56.99363057324841,1.049272
Resnet18 Self-Supervise Rotation Model,12,54.3351990706516,0.9944235327074656,58.21656050955414,1.0041716
Resnet18 Self-Supervise Rotation Model,13,54.53585383884254,0.995496681614502,55.6687898089172,1.1111104
Resnet18 Self-Supervise Rotation Model,14,54.31407751610519,0.9871569045290752,57.80891719745223,1.0419353
Resnet18 Self-Supervise Rotation Model,15,54.72594782976027,0.9873640858442396,57.98726114649681,1.0864474
Resnet18 Self-Supervise Rotation Model,16,55.96155877072552,0.959469301273694,58.24203821656051,0.98707485
Resnet18 Self-Supervise Rotation Model,17,56.003801879818354,0.9529830250587012,57.60509554140128,1.005033
Resnet18 Self-Supervise Rotation Model,18,56.80642095258211,0.9484821976842108,58.19108280254777,0.98966306
Resnet18 Self-Supervise Rotation Model,19,57.48231069806738,0.9391411809703788,58.11464968152866,0.9986568
Resnet18 Self-Supervise Rotation Model,20,56.54240152075193,0.9401439254146976,59.00636942675159,0.9958462
Resnet18 Self-Supervise Rotation Model,21,56.96483261168022,0.9356271555093496,57.60509554140128,0.9808978
Resnet18 Self-Supervise Rotation Model,22,57.809694793536806,0.9283896994751852,59.97452229299363,0.9820431
Resnet18 Self-Supervise Rotation Model,23,57.18660893441757,0.9329698903335109,57.42675159235669,1.0513424
Resnet18 Self-Supervise Rotation Model,24,57.84137712535642,0.9328634011987094,59.59235668789809,0.974522
Resnet18 Self-Supervise Rotation Model,25,57.88362023444925,0.92277136374567,59.43949044585988,0.9461798
Resnet18 Self-Supervise Rotation Model,26,58.40109832083641,0.9221962365145618,58.853503184713375,0.98297757
Resnet18 Self-Supervise Rotation Model,27,58.63343542084697,0.9222071351030388,59.00636942675159,1.0228263
Resnet18 Self-Supervise Rotation Model,28,58.05259267082057,0.9218907463993576,60.43312101910828,0.9656305
Resnet18 Self-Supervise Rotation Model,29,58.43278065265604,0.9177817803983752,59.617834394904456,0.94054824
Resnet18 Self-Supervise Rotation Model,30,58.27436899355793,0.9201766969384374,59.49044585987261,0.97750294
Resnet18 Self-Supervise Rotation Model,31,59.8162424754462,0.9096872797487556,60.89171974522293,0.9495039
Resnet18 Self-Supervise Rotation Model,32,59.6789523708945,0.9042888493151278,59.56687898089172,0.93940717
Resnet18 Self-Supervise Rotation Model,33,59.20371739360017,0.90807856045462,60.68789808917197,0.9168747
Resnet18 Self-Supervise Rotation Model,34,59.457176048157145,0.9038739248707488,58.70063694267516,0.96515876
Resnet18 Self-Supervise Rotation Model,35,58.538388425388106,0.9105745586189063,60.17834394904459,0.94352067
Resnet18 Self-Supervise Rotation Model,36,59.626148484528464,0.9025673842107927,59.56687898089172,0.93518406
Resnet18 Self-Supervise Rotation Model,37,59.6789523708945,0.906317727489246,58.92993630573248,0.96228516
Resnet18 Self-Supervise Rotation Model,38,59.50997993452318,0.904450057628187,59.03184713375797,0.921855
Resnet18 Self-Supervise Rotation Model,39,58.76016474812546,0.9073391590972204,55.97452229299363,0.9599045
Resnet18 Self-Supervise Rotation Model,40,60.17530890273524,0.9030655499648405,57.554140127388536,0.945209
Resnet18 Self-Supervise Rotation Model,41,59.30932516633224,0.9023906013651474,59.796178343949045,0.93957263
Resnet18 Self-Supervise Rotation Model,42,59.50997993452318,0.910186615848058,58.955414012738856,0.9232764
Resnet18 Self-Supervise Rotation Model,43,60.16474812546203,0.901323049354392,59.54140127388535,0.9444856
Resnet18 Self-Supervise Rotation Model,44,59.30932516633224,0.8949079216533417,55.18471337579618,0.9836465
Resnet18 Self-Supervise Rotation Model,45,59.79512092089978,0.9022007024771458,55.21019108280255,0.9749732
Resnet18 Self-Supervise Rotation Model,46,59.89016791635864,0.9003079817504496,49.93630573248408,1.1508948
Resnet18 Self-Supervise Rotation Model,47,59.07698806632168,0.9066439372663564,60.89171974522293,0.9432846
Resnet18 Self-Supervise Rotation Model,48,58.43278065265604,0.9019050764272342,58.34394904458599,0.9407
Resnet18 Self-Supervise Rotation Model,49,59.330446720878655,0.9036222660058254,60.76433121019108,0.92812693
Resnet18 Self-Supervise Rotation Model,50,59.52054071179639,0.9049061597199052,61.32484076433121,0.9420904
Resnet34 Self-Supervise Rotation Model,1,42.42264230647376,1.2474083548059334,46.7515923566879,1.2273484
Resnet34 Self-Supervise Rotation Model,2,47.882564156721934,1.1341062653306369,52.07643312101911,0.9903568
Resnet34 Self-Supervise Rotation Model,3,49.61453162952793,1.1023994666096326,31.84713375796178,1.3855242
Resnet34 Self-Supervise Rotation Model,4,50.68117013412187,1.076736018061638,54.24203821656051,1.1624106
Resnet34 Self-Supervise Rotation Model,5,51.74780863871581,1.0561733915395028,47.31210191082803,1.1430479
Resnet34 Self-Supervise Rotation Model,6,51.91678107508713,1.0444535794290335,55.15923566878981,1.0422275
Resnet34 Self-Supervise Rotation Model,7,52.62435315239202,1.0382809128511596,57.27388535031847,1.0563889
Resnet34 Self-Supervise Rotation Model,8,53.03622346604711,1.0288000689769112,57.01910828025478,1.0105447
Resnet34 Self-Supervise Rotation Model,9,52.67715703875805,1.020440238955859,56.30573248407644,1.042351
Resnet34 Self-Supervise Rotation Model,10,53.11014890695955,1.015744250569795,56.07643312101911,0.9919428
Resnet34 Self-Supervise Rotation Model,11,53.15239201605238,1.0090161490480642,55.97452229299363,1.074599
Resnet34 Self-Supervise Rotation Model,12,54.11342274791425,0.993388817721122,54.87898089171974,0.98504597
Resnet34 Self-Supervise Rotation Model,13,53.595944661527085,0.9963180621129436,50.92993630573248,1.0593251
Resnet34 Self-Supervise Rotation Model,14,53.77547787517161,0.9966868960575478,54.59872611464968,1.0556353
Resnet34 Self-Supervise Rotation Model,15,55.063892702502905,0.983742321765906,56.35668789808917,0.9896505
Resnet34 Self-Supervise Rotation Model,16,54.63090083430141,0.9622505194432026,57.88535031847134,1.028577
Resnet34 Self-Supervise Rotation Model,17,56.552962298025136,0.9500744415296092,55.89808917197452,1.0328084
Resnet34 Self-Supervise Rotation Model,18,56.2150174252825,0.9522748290485626,51.4140127388535,1.1776103
Resnet34 Self-Supervise Rotation Model,19,56.60576618439117,0.9444450650464844,57.37579617834395,0.95862883
Resnet34 Self-Supervise Rotation Model,20,55.77146477980779,0.9457112948435384,53.04458598726114,1.128464
Resnet34 Self-Supervise Rotation Model,21,56.20445664800929,0.9362082946542148,57.859872611464965,0.97270304
Resnet34 Self-Supervise Rotation Model,22,56.94371105713381,0.9413697734676504,58.08917197452229,0.98097056
Resnet34 Self-Supervise Rotation Model,23,57.01763649804626,0.9345242558298884,58.4203821656051,0.9544423
Resnet34 Self-Supervise Rotation Model,24,56.65857007075721,0.9278377077063998,50.77707006369427,1.2711587
Resnet34 Self-Supervise Rotation Model,25,57.10212271623192,0.9316929532466708,51.49044585987261,1.158584
Resnet34 Self-Supervise Rotation Model,26,56.86978561622136,0.9264650660994892,49.2484076433121,1.2593265
Resnet34 Self-Supervise Rotation Model,27,57.33445981624248,0.9210689913582156,57.5796178343949,0.97929096
Resnet34 Self-Supervise Rotation Model,28,57.429506811701344,0.9230715355558976,53.65605095541401,1.0058624
Resnet34 Self-Supervise Rotation Model,29,57.41894603442813,0.9230792044183692,42.47133757961783,1.4269202
Resnet34 Self-Supervise Rotation Model,30,57.7991340162636,0.9185146549464884,53.04458598726114,1.0656794
Resnet34 Self-Supervise Rotation Model,31,58.17932199809906,0.9121649411280413,52.10191082802548,1.2011911
Resnet34 Self-Supervise Rotation Model,32,58.03147111627416,0.9157357881399424,51.33757961783439,1.2249299
Resnet34 Self-Supervise Rotation Model,33,58.22156510719189,0.9118475484082827,54.44585987261146,1.0691392
Resnet34 Self-Supervise Rotation Model,34,58.284929770831134,0.9154155781945666,38.62420382165605,1.5349967
Resnet34 Self-Supervise Rotation Model,35,58.46446298447566,0.9118982058119128,40.48407643312102,1.4460962
Resnet34 Self-Supervise Rotation Model,36,57.76745168444398,0.9128232454327312,51.0828025477707,1.1691109
Resnet34 Self-Supervise Rotation Model,37,58.0948357799134,0.9133786549036568,51.388535031847134,1.2521449
Resnet34 Self-Supervise Rotation Model,38,58.43278065265604,0.9081831671096184,53.910828025477706,1.0762807
Resnet34 Self-Supervise Rotation Model,39,57.90474178899567,0.9146314511025274,51.0828025477707,1.1992037
Resnet34 Self-Supervise Rotation Model,40,58.63343542084697,0.903879340738058,43.00636942675159,1.4085851
Resnet34 Self-Supervise Rotation Model,41,59.00306262540923,0.9038317111899724,52.89171974522293,1.261541
Resnet34 Self-Supervise Rotation Model,42,58.284929770831134,0.9061897547059768,52.12738853503185,1.2861087
Resnet34 Self-Supervise Rotation Model,43,57.58791847079945,0.9110413366878356,41.5031847133758,1.4137717
Resnet34 Self-Supervise Rotation Model,44,57.83081634808322,0.9060381626760636,53.35031847133758,1.2423996
Resnet34 Self-Supervise Rotation Model,45,58.32717287992397,0.9078991591326288,53.04458598726114,1.2864969
Resnet34 Self-Supervise Rotation Model,46,58.59119231175414,0.9097791476225532,50.90445859872612,1.3127306
Resnet34 Self-Supervise Rotation Model,47,58.791847079945086,0.9044466801994556,53.17197452229299,1.2600797
Resnet34 Self-Supervise Rotation Model,48,58.622874643573766,0.9082748138824024,52.07643312101911,1.2862048
Resnet34 Self-Supervise Rotation Model,49,58.65455697539339,0.9102254292449437,52.94267515923567,1.3346102
Resnet34 Self-Supervise Rotation Model,50,58.59119231175414,0.9100023686281732,42.77707006369427,1.3884884
Resnet50 Self-Supervise Rotation Model,1,40.3210476291055,1.3065618638049912,43.6687898089172,3.9739845
Resnet50 Self-Supervise Rotation Model,2,44.73545252930616,1.139228024092075,46.29299363057325,1.4945227
Resnet50 Self-Supervise Rotation Model,3,45.87601647481255,1.1060576206324877,44.99363057324841,1.6638156
Resnet50 Self-Supervise Rotation Model,4,45.22124828387369,1.099497041992239,48.12738853503185,1.2222382
Resnet50 Self-Supervise Rotation Model,5,49.47724152497624,1.0756309785552929,50.19108280254777,1.220153
Resnet50 Self-Supervise Rotation Model,6,51.82173407962826,1.063731552479235,31.643312101910823,1.7986854
Resnet50 Self-Supervise Rotation Model,7,51.43098532051959,1.044810030307319,52.63694267515923,1.1498543
Resnet50 Self-Supervise Rotation Model,8,52.318090611469,1.0354831960757036,56.07643312101911,0.95485336
Resnet50 Self-Supervise Rotation Model,9,52.846129475129366,1.039379305030043,55.82165605095541,1.1379578
Resnet50 Self-Supervise Rotation Model,10,52.04351040236561,1.0356899688171377,52.53503184713376,1.0445973
Resnet50 Self-Supervise Rotation Model,11,52.951737247861445,1.0253617532954022,56.10191082802548,1.0390908
Resnet50 Self-Supervise Rotation Model,12,53.33192522969691,1.0171603637974005,54.87898089171974,1.0799189
Resnet50 Self-Supervise Rotation Model,13,52.782764811490125,1.0123838113771904,53.93630573248408,1.2874584
Resnet50 Self-Supervise Rotation Model,14,53.26856056605766,1.0072776859475148,55.94904458598726,1.1639028
Resnet50 Self-Supervise Rotation Model,15,53.6065054388003,1.0073782809682794,55.51592356687898,1.0947039
Resnet50 Self-Supervise Rotation Model,16,54.29295596155877,0.9766404917715368,56.30573248407644,1.0895255
Resnet50 Self-Supervise Rotation Model,17,55.18006125250818,0.9667021415724948,57.52866242038217,0.99857044
Resnet50 Self-Supervise Rotation Model,18,54.86323793431197,0.9580805935972446,59.15923566878981,0.94082904
Resnet50 Self-Supervise Rotation Model,19,54.398563734290846,0.9643523287330124,57.42675159235669,1.0220472
Resnet50 Self-Supervise Rotation Model,20,55.85595099799345,0.9508951645646546,52.5859872611465,1.0705823
Resnet50 Self-Supervise Rotation Model,21,55.2011828070546,0.9612729508127716,37.17197452229299,1.362887
Resnet50 Self-Supervise Rotation Model,22,54.53585383884254,0.9551664557610008,54.06369426751592,0.99909145
Resnet50 Self-Supervise Rotation Model,23,55.76090400253459,0.9418995194137096,58.21656050955414,0.98708314
Resnet50 Self-Supervise Rotation Model,24,56.193895870736085,0.9392284086427172,35.23566878980892,1.4575487
Resnet50 Self-Supervise Rotation Model,25,57.07044038441229,0.9378980941869116,57.197452229299365,0.9890862
Resnet50 Self-Supervise Rotation Model,26,56.75361706621607,0.9355396072606784,58.62420382165605,0.957252
Resnet50 Self-Supervise Rotation Model,27,57.47174992079417,0.9399620225099292,58.98089171974522,0.9426702
Resnet50 Self-Supervise Rotation Model,28,56.48959763438589,0.9401708969191924,59.23566878980892,1.0079895
Resnet50 Self-Supervise Rotation Model,29,56.70081317985004,0.935750914787924,60.43312101910828,0.97001857
Resnet50 Self-Supervise Rotation Model,30,58.16876122082585,0.932873951120151,59.87261146496815,0.9322638
Resnet50 Self-Supervise Rotation Model,31,57.86249867990284,0.9197539401215477,59.46496815286624,0.97691804
Resnet50 Self-Supervise Rotation Model,32,57.87305945717605,0.9260519492263728,60.02547770700637,0.9698102
Resnet50 Self-Supervise Rotation Model,33,58.284929770831134,0.9231563431991112,58.90445859872612,0.96207154
Resnet50 Self-Supervise Rotation Model,34,57.10212271623192,0.9300598325962957,59.31210191082803,0.9901469
Resnet50 Self-Supervise Rotation Model,35,58.15820044355264,0.9209163351034796,60.10191082802548,0.9629281
Resnet50 Self-Supervise Rotation Model,36,57.61960080261908,0.9230380981556467,60.86624203821656,0.9593538
Resnet50 Self-Supervise Rotation Model,37,58.9608195163164,0.9155431223680844,57.42675159235669,0.9950353
Resnet50 Self-Supervise Rotation Model,38,58.10539655718661,0.9200948795958144,41.07006369426752,1.3323545
Resnet50 Self-Supervise Rotation Model,39,58.44334142992924,0.9211936006070794,38.11464968152866,1.402552
Resnet50 Self-Supervise Rotation Model,40,58.04203189354737,0.9187796246763822,40.07643312101911,1.3357962
Resnet50 Self-Supervise Rotation Model,41,57.7991340162636,0.9211158706126986,38.77707006369427,1.350581
Resnet50 Self-Supervise Rotation Model,42,58.41165909810962,0.9212620799001808,61.37579617834395,1.0039868
Resnet50 Self-Supervise Rotation Model,43,58.2321258844651,0.9206438906289436,59.18471337579618,0.9806225
Resnet50 Self-Supervise Rotation Model,44,59.21427817087338,0.9169192649424076,49.52866242038217,1.2172178
Resnet50 Self-Supervise Rotation Model,45,58.517266870841695,0.921527514284527,39.36305732484077,1.3537192
Resnet50 Self-Supervise Rotation Model,46,56.96483261168022,0.9272055862521804,61.70700636942675,0.96877015
Resnet50 Self-Supervise Rotation Model,47,58.21100432991868,0.9156661386022696,61.5796178343949,0.9376017
Resnet50 Self-Supervise Rotation Model,48,58.71792163903263,0.9203396319738916,60.96815286624204,0.9601629
Resnet50 Self-Supervise Rotation Model,49,58.10539655718661,0.9213906944402166,53.681528662420384,1.1756557
Resnet50 Self-Supervise Rotation Model,50,58.21100432991868,0.91960914533686,63.21019108280255,0.9635273
Resnet18 Fine-tuning Pre-trained Model,1,41.59890167916359,1.8304724002609385,50.318471337579616,1.6524496
Resnet18 Fine-tuning Pre-trained Model,2,53.22631745696484,1.5824257165596292,55.05732484076433,1.5621339
Resnet18 Fine-tuning Pre-trained Model,3,59.22483894814658,1.4682463814277906,59.796178343949045,1.4742906
Resnet18 Fine-tuning Pre-trained Model,4,61.73830393916992,1.4070877261661194,61.12101910828026,1.4346484
Resnet18 Fine-tuning Pre-trained Model,5,63.92438483472384,1.367145713217355,61.98726114649681,1.4089619
Resnet18 Fine-tuning Pre-trained Model,6,65.54018375752456,1.3224868012239803,64.0,1.3793303
Resnet18 Fine-tuning Pre-trained Model,7,67.52560988488753,1.2830518734817569,65.60509554140127,1.3586012
Resnet18 Fine-tuning Pre-trained Model,8,68.71897771675995,1.251320557215729,65.98726114649682,1.3227574
Resnet18 Fine-tuning Pre-trained Model,9,69.91234554863237,1.2328813339810114,67.26114649681529,1.3016129
Resnet18 Fine-tuning Pre-trained Model,10,71.63375224416517,1.1961347814145926,68.38216560509554,1.28844
Resnet18 Fine-tuning Pre-trained Model,11,75.28778118069489,1.1126940944106192,71.23566878980891,1.2184653
Resnet18 Fine-tuning Pre-trained Model,12,76.05871792163903,1.0906028361940705,70.85350318471338,1.2194753
Resnet18 Fine-tuning Pre-trained Model,13,77.1675995353258,1.0807978112149883,71.69426751592357,1.2058362
Resnet18 Fine-tuning Pre-trained Model,14,78.10750871264125,1.0600880460964668,71.18471337579618,1.2178118
Resnet18 Fine-tuning Pre-trained Model,15,78.05470482627521,1.0580607778518587,71.56687898089172,1.2126077
Resnet18 Fine-tuning Pre-trained Model,16,78.31872425810539,1.0497974359707252,71.89808917197452,1.199125
Resnet18 Fine-tuning Pre-trained Model,17,77.79068539444503,1.053919851981305,72.05095541401273,1.2044709
Resnet18 Fine-tuning Pre-trained Model,18,78.79395923539973,1.0409006488484305,71.10828025477707,1.2156743
Resnet18 Fine-tuning Pre-trained Model,19,79.38536276269933,1.0328487420605648,71.89808917197452,1.2028697
Resnet18 Fine-tuning Pre-trained Model,20,78.68835146266765,1.0416917336752285,70.80254777070064,1.2216089
Resnet18 Fine-tuning Pre-trained Model,21,79.94508395817932,1.0178200597497258,72.30573248407643,1.1974064
Resnet18 Fine-tuning Pre-trained Model,22,80.00844862181856,1.009583495154574,72.2547770700637,1.2020516
Resnet18 Fine-tuning Pre-trained Model,23,80.13517794909706,1.0126521934729975,71.51592356687898,1.2112949
Resnet18 Fine-tuning Pre-trained Model,24,80.13517794909706,1.010021504518148,71.13375796178345,1.2205172
Resnet18 Fine-tuning Pre-trained Model,25,79.95564473545252,1.007611777130011,71.92356687898089,1.2111727
Resnet18 Fine-tuning Pre-trained Model,26,79.74442918998838,1.0154948313091252,72.0,1.1996357
Resnet18 Fine-tuning Pre-trained Model,27,80.23022494455591,1.007604302788103,72.15286624203821,1.2008004
Resnet18 Fine-tuning Pre-trained Model,28,80.24078572182913,1.0095613506194707,72.05095541401273,1.2005206
Resnet18 Fine-tuning Pre-trained Model,29,80.87443235822157,1.0032734767206617,71.89808917197452,1.2057278
Resnet18 Fine-tuning Pre-trained Model,30,80.5048051536593,1.0047020312096622,72.22929936305732,1.2015436
Resnet18 Fine-tuning Pre-trained Model,31,80.27246805364875,1.0083742111518577,72.30573248407643,1.2030033
Resnet18 Fine-tuning Pre-trained Model,32,81.09620868095892,1.003243585796775,72.12738853503184,1.1928058
Resnet18 Fine-tuning Pre-trained Model,33,80.9377970218608,0.9988026068218656,72.3312101910828,1.1957437
Resnet18 Fine-tuning Pre-trained Model,34,80.1985426127363,1.004193499885701,71.71974522292993,1.2120144
Resnet18 Fine-tuning Pre-trained Model,35,80.13517794909706,1.004948095997443,72.45859872611464,1.1960236
Resnet18 Fine-tuning Pre-trained Model,36,80.38863660365404,1.0094732713659067,72.35668789808918,1.1954082
Resnet18 Fine-tuning Pre-trained Model,37,80.1985426127363,1.0083866974187865,72.5859872611465,1.1921172
Resnet18 Fine-tuning Pre-trained Model,38,80.62097370366459,1.0003172096771162,72.02547770700637,1.1966687
Resnet18 Fine-tuning Pre-trained Model,39,79.83947618544725,1.0126315247569535,72.12738853503184,1.202313
Resnet18 Fine-tuning Pre-trained Model,40,79.9134016263597,1.010130380053778,71.82165605095541,1.2051582
Resnet18 Fine-tuning Pre-trained Model,41,80.61041292639138,1.004158303947062,72.48407643312102,1.1955523
Resnet18 Fine-tuning Pre-trained Model,42,80.51536593093252,0.9993808353068055,72.05095541401273,1.1973642
Resnet18 Fine-tuning Pre-trained Model,43,80.81106769458232,1.0042113191574007,72.15286624203821,1.1959276
Resnet18 Fine-tuning Pre-trained Model,44,80.5048051536593,1.0091353482692629,72.2547770700637,1.2031904
Resnet18 Fine-tuning Pre-trained Model,45,80.65265603548421,1.0044220006345093,71.59235668789809,1.2125065
Resnet18 Fine-tuning Pre-trained Model,46,80.24078572182913,1.0021636618955716,71.46496815286625,1.2049102
Resnet18 Fine-tuning Pre-trained Model,47,80.88499313549477,0.9979550094419236,72.17834394904459,1.194975
Resnet18 Fine-tuning Pre-trained Model,48,80.83218924912873,0.99842765876973,71.84713375796179,1.2006736
Resnet18 Fine-tuning Pre-trained Model,49,80.40975815820045,1.0018359434765738,72.50955414012739,1.1969864
Resnet18 Fine-tuning Pre-trained Model,50,80.43087971274686,1.0125435871651045,72.3312101910828,1.2025982
Resnet34 Fine-tuning Pre-trained Model,1,31.70345337416834,2.009833025569852,38.34394904458599,1.920045
Resnet34 Fine-tuning Pre-trained Model,2,41.64114478825642,1.8289721132935703,43.64331210191083,1.8309213
Resnet34 Fine-tuning Pre-trained Model,3,45.15788362023445,1.7465364963218972,47.0828025477707,1.7731129
Resnet34 Fine-tuning Pre-trained Model,4,48.6957440067589,1.692097759730107,44.89171974522293,1.9065518
Resnet34 Fine-tuning Pre-trained Model,5,50.96631112049847,1.6471009705517743,50.70063694267516,1.67087
Resnet34 Fine-tuning Pre-trained Model,6,52.43425916147429,1.602177451792601,49.452229299363054,1.7136685
Resnet34 Fine-tuning Pre-trained Model,7,53.81772098426444,1.5693944036155134,51.77070063694268,1.6521443
Resnet34 Fine-tuning Pre-trained Model,8,55.60249234343648,1.5306157941955167,51.54140127388535,1.658421
Resnet34 Fine-tuning Pre-trained Model,9,56.60576618439117,1.5124279443879385,55.54140127388535,1.5585853
Resnet34 Fine-tuning Pre-trained Model,10,57.72520857535115,1.4883593099342811,55.388535031847134,1.5751671
Resnet34 Fine-tuning Pre-trained Model,11,62.68877389375858,1.3860170570378367,58.52229299363057,1.4841865
Resnet34 Fine-tuning Pre-trained Model,12,63.51251452106875,1.3600026885601315,59.0828025477707,1.4663575
Resnet34 Fine-tuning Pre-trained Model,13,63.69204773471328,1.3562827260308974,60.68789808917197,1.4516222
Resnet34 Fine-tuning Pre-trained Model,14,64.37849825747175,1.343767119923959,60.73885350318472,1.445331
Resnet34 Fine-tuning Pre-trained Model,15,64.96990178477137,1.3289747211981464,60.20382165605096,1.449922
Resnet34 Fine-tuning Pre-trained Model,16,65.74083852571549,1.320314063212356,60.99363057324841,1.4448855
Resnet34 Fine-tuning Pre-trained Model,17,65.4556975393389,1.315945019995844,60.254777070063696,1.4547274
Resnet34 Fine-tuning Pre-trained Model,18,66.72299081212377,1.305071418249124,60.9171974522293,1.4435309
Resnet34 Fine-tuning Pre-trained Model,19,66.31112049846868,1.307298646887412,60.84076433121019,1.4588397
Resnet34 Fine-tuning Pre-trained Model,20,66.07878339845813,1.302798771475618,60.73885350318472,1.4517735
Resnet34 Fine-tuning Pre-trained Model,21,66.15270883937058,1.2959721107539293,61.40127388535032,1.4299891
Resnet34 Fine-tuning Pre-trained Model,22,66.51177526665963,1.288426039790785,62.08917197452229,1.4239876
Resnet34 Fine-tuning Pre-trained Model,23,67.18766501214489,1.2805223782118913,61.37579617834395,1.4368472
Resnet34 Fine-tuning Pre-trained Model,24,67.00813179850037,1.284817985988952,62.1656050955414,1.4150833
Resnet34 Fine-tuning Pre-trained Model,25,67.26159045305735,1.281952481515504,60.99363057324841,1.4372463
Resnet34 Fine-tuning Pre-trained Model,26,67.37775900306262,1.2744622963505825,61.14649681528663,1.4422246
Resnet34 Fine-tuning Pre-trained Model,27,67.61009610307319,1.2785492038001884,61.42675159235669,1.4364055
Resnet34 Fine-tuning Pre-trained Model,28,67.02925335304678,1.2812604932366192,61.63057324840764,1.4397562
Resnet34 Fine-tuning Pre-trained Model,29,67.82131164853733,1.272335573426775,61.88535031847134,1.4312265
Resnet34 Fine-tuning Pre-trained Model,30,67.12430034850566,1.2790820285476543,61.681528662420384,1.4485493
Resnet34 Fine-tuning Pre-trained Model,31,67.4728059985215,1.276977595243905,61.5796178343949,1.4395118
Resnet34 Fine-tuning Pre-trained Model,32,67.6312176576196,1.2745437261623305,61.78343949044586,1.4312153
Resnet34 Fine-tuning Pre-trained Model,33,67.346076671243,1.271647565972966,62.038216560509554,1.4207368
Resnet34 Fine-tuning Pre-trained Model,34,67.4939275530679,1.2753856479114778,60.63694267515923,1.4767022
Resnet34 Fine-tuning Pre-trained Model,35,67.30383356215017,1.270320925458863,61.60509554140128,1.4519743
Resnet34 Fine-tuning Pre-trained Model,36,68.2014996303728,1.270960242965737,61.681528662420384,1.4356322
Resnet34 Fine-tuning Pre-trained Model,37,67.2087865666913,1.271076164938308,61.42675159235669,1.4460155
Resnet34 Fine-tuning Pre-trained Model,38,67.6312176576196,1.2706810257120713,61.17197452229299,1.4341972
Resnet34 Fine-tuning Pre-trained Model,39,67.24046889851093,1.279683143504568,62.14012738853504,1.418937
Resnet34 Fine-tuning Pre-trained Model,40,67.25102967578414,1.2729433482965908,60.10191082802548,1.4890168
Resnet34 Fine-tuning Pre-trained Model,41,67.06093568486641,1.2797991466280576,61.75796178343949,1.4259322
Resnet34 Fine-tuning Pre-trained Model,42,67.67346076671242,1.2683738285826671,61.37579617834395,1.4506252
Resnet34 Fine-tuning Pre-trained Model,43,67.64177843489281,1.268975450682479,61.17197452229299,1.434597
Resnet34 Fine-tuning Pre-trained Model,44,67.87411553490337,1.2596743623348508,61.27388535031847,1.4310465
Resnet34 Fine-tuning Pre-trained Model,45,67.37775900306262,1.2733282834492825,62.24203821656051,1.4151548
Resnet34 Fine-tuning Pre-trained Model,46,67.1982257894181,1.2736702120384655,61.80891719745223,1.4280156
Resnet34 Fine-tuning Pre-trained Model,47,67.44112366670187,1.2799926904609074,61.2484076433121,1.4418007
Resnet34 Fine-tuning Pre-trained Model,48,67.66289998943923,1.271230497472995,61.29936305732484,1.4432489
Resnet34 Fine-tuning Pre-trained Model,49,67.99028408490865,1.2725134694294349,61.80891719745223,1.4294586
Resnet34 Fine-tuning Pre-trained Model,50,67.59953532579998,1.275472762415538,61.60509554140128,1.4525352
Resnet50 Fine-tuning Pre-trained Model,1,33.75224416517056,1.9694305940254315,38.59872611464968,1.8990915
Resnet50 Fine-tuning Pre-trained Model,2,41.26095680642095,1.8256550149337665,43.0828025477707,1.8050584
Resnet50 Fine-tuning Pre-trained Model,3,45.5169500475235,1.7450225057231414,43.796178343949045,1.8104677
Resnet50 Fine-tuning Pre-trained Model,4,49.772943288626045,1.6566747916308608,49.93630573248408,1.6594039
Resnet50 Fine-tuning Pre-trained Model,5,52.465941493293904,1.6101412863747493,51.94904458598726,1.5917482
Resnet50 Fine-tuning Pre-trained Model,6,54.979406484317245,1.5527478805869013,52.50955414012739,1.6291537
Resnet50 Fine-tuning Pre-trained Model,7,56.43679374801985,1.5200041854703747,54.70063694267516,1.5621014
Resnet50 Fine-tuning Pre-trained Model,8,58.37997676629,1.4817644164368913,53.859872611464965,1.5772129
Resnet50 Fine-tuning Pre-trained Model,9,59.52054071179639,1.4476876840800852,57.452229299363054,1.5060598
Resnet50 Fine-tuning Pre-trained Model,10,61.63269616643785,1.4164900347791811,58.44585987261146,1.4858228
Resnet50 Fine-tuning Pre-trained Model,11,65.1705565529623,1.332442488622021,63.21019108280255,1.3821659
Resnet50 Fine-tuning Pre-trained Model,12,66.51177526665963,1.301841395932275,63.261146496815286,1.3858683
Resnet50 Fine-tuning Pre-trained Model,13,67.27215123033055,1.2926303304329112,63.82165605095541,1.3715103
Resnet50 Fine-tuning Pre-trained Model,14,67.1982257894181,1.2846751391283564,64.68789808917198,1.361392
Resnet50 Fine-tuning Pre-trained Model,15,67.72626465307847,1.2774072028696537,64.61146496815287,1.3549721
Resnet50 Fine-tuning Pre-trained Model,16,68.13813496673355,1.27148548201532,64.89171974522293,1.3614163
Resnet50 Fine-tuning Pre-trained Model,17,67.77906853944451,1.2712309841771383,64.86624203821655,1.3478096
Resnet50 Fine-tuning Pre-trained Model,18,68.14869574400676,1.265013365930802,65.52866242038216,1.3417268
Resnet50 Fine-tuning Pre-trained Model,19,68.88795015313127,1.250793083696752,64.6624203821656,1.352183
Resnet50 Fine-tuning Pre-trained Model,20,69.29982046678636,1.2490385466733491,64.02547770700637,1.3614365
Resnet50 Fine-tuning Pre-trained Model,21,69.98627098954483,1.239574596990605,65.32484076433121,1.3398322
Resnet50 Fine-tuning Pre-trained Model,22,70.26085119864823,1.2324522556485356,65.8343949044586,1.3316128
Resnet50 Fine-tuning Pre-trained Model,23,69.76449466680748,1.2322674133890383,66.01273885350318,1.339826
Resnet50 Fine-tuning Pre-trained Model,24,70.00739254409125,1.2279514233405526,65.73248407643312,1.3428024
Resnet50 Fine-tuning Pre-trained Model,25,69.81729855317352,1.231929457167516,65.80891719745223,1.3361222
Resnet50 Fine-tuning Pre-trained Model,26,70.01795332136446,1.2340031519934938,66.62420382165605,1.32523
Resnet50 Fine-tuning Pre-trained Model,27,69.77505544408068,1.2305751159988545,66.1656050955414,1.3292997
Resnet50 Fine-tuning Pre-trained Model,28,69.89122399408596,1.2295268386401037,66.39490445859873,1.3303285
Resnet50 Fine-tuning Pre-trained Model,29,69.99683176681803,1.2209997967489667,66.26751592356688,1.3310074
Resnet50 Fine-tuning Pre-trained Model,30,70.53543140775162,1.2260877852504315,66.62420382165605,1.3296629
Resnet50 Fine-tuning Pre-trained Model,31,70.00739254409125,1.2269897788158943,66.54777070063695,1.330095
Resnet50 Fine-tuning Pre-trained Model,32,69.72225155771464,1.2344760315845142,65.85987261146497,1.3374996
Resnet50 Fine-tuning Pre-trained Model,33,70.46150596683916,1.2224517219976798,65.5031847133758,1.3382688
Resnet50 Fine-tuning Pre-trained Model,34,70.04963565318407,1.2233596580052697,65.93630573248407,1.3371793
Resnet50 Fine-tuning Pre-trained Model,35,70.49318829865878,1.235248198279658,65.78343949044586,1.3309238
Resnet50 Fine-tuning Pre-trained Model,36,70.06019643045728,1.2247157126061017,66.828025477707,1.3240219
Resnet50 Fine-tuning Pre-trained Model,37,70.61991762593726,1.2244605437122489,66.19108280254777,1.3240768
Resnet50 Fine-tuning Pre-trained Model,38,70.69384306684972,1.2143711998454625,66.36942675159236,1.3309532
Resnet50 Fine-tuning Pre-trained Model,39,69.7961769986271,1.2336933322854944,66.21656050955414,1.3350811
Resnet50 Fine-tuning Pre-trained Model,40,70.01795332136446,1.2187582128555388,65.98726114649682,1.336526
Resnet50 Fine-tuning Pre-trained Model,41,70.71496462139613,1.2235661937376938,66.67515923566879,1.3323694
Resnet50 Fine-tuning Pre-trained Model,42,70.29253353046784,1.2262872635714106,66.52229299363057,1.3267014
Resnet50 Fine-tuning Pre-trained Model,43,70.27141197592142,1.219845996716538,66.29299363057325,1.3258386
Resnet50 Fine-tuning Pre-trained Model,44,70.0707572077305,1.226166392298969,66.11464968152866,1.3303711
Resnet50 Fine-tuning Pre-trained Model,45,70.15524342591615,1.226713511690095,66.26751592356688,1.3249623
Resnet50 Fine-tuning Pre-trained Model,46,69.96514943499841,1.2250671063524643,66.42038216560509,1.3237749
Resnet50 Fine-tuning Pre-trained Model,47,69.95458865772521,1.2347157204876076,66.01273885350318,1.3320875
Resnet50 Fine-tuning Pre-trained Model,48,70.17636498046257,1.2279485952411149,66.29299363057325,1.3338352
Resnet50 Fine-tuning Pre-trained Model,49,70.81001161685501,1.217814055850377,66.47133757961784,1.3234802
Resnet50 Fine-tuning Pre-trained Model,50,70.17636498046257,1.2263922325864032,66.11464968152866,1.3234564
Resnet18 Fine-tuning Randomly Initialized Model,1,41.93684655190622,1.836845536691112,47.847133757961785,1.7451167
Resnet18 Fine-tuning Randomly Initialized Model,2,53.71211321153237,1.5875039981627783,46.80254777070064,1.8842288
Resnet18 Fine-tuning Randomly Initialized Model,3,58.14763966627944,1.4863088743106738,59.77070063694268,1.4789895
Resnet18 Fine-tuning Randomly Initialized Model,4,61.93895870736086,1.407237689438704,61.01910828025478,1.4638834
Resnet18 Fine-tuning Randomly Initialized Model,5,65.25504277114796,1.3493397758417838,62.62420382165605,1.4188441
Resnet18 Fine-tuning Randomly Initialized Model,6,66.3216812757419,1.3116781060155984,64.3312101910828,1.3683367
Resnet18 Fine-tuning Randomly Initialized Model,7,67.89523708944978,1.2715823299981452,65.70700636942675,1.3661438
Resnet18 Fine-tuning Randomly Initialized Model,8,69.69056922589503,1.2302029716807443,67.61783439490446,1.2893014
Resnet18 Fine-tuning Randomly Initialized Model,9,70.98954483049953,1.2141147735151083,65.57961783439491,1.3447858
Resnet18 Fine-tuning Randomly Initialized Model,10,72.14066955327912,1.18060195405741,70.54777070063695,1.2534001
Resnet18 Fine-tuning Randomly Initialized Model,11,77.10423487168656,1.0789850757935562,73.2484076433121,1.1756011
Resnet18 Fine-tuning Randomly Initialized Model,12,77.4527405217024,1.0656658164351374,73.93630573248407,1.1615859
Resnet18 Fine-tuning Randomly Initialized Model,13,78.33984581265182,1.0492530557754878,73.4267515923567,1.160741
Resnet18 Fine-tuning Randomly Initialized Model,14,79.26919421269406,1.0342387546961371,74.31847133757962,1.154538
Resnet18 Fine-tuning Randomly Initialized Model,15,80.07181328545781,1.0214172098282222,73.88535031847134,1.1559708
Resnet18 Fine-tuning Randomly Initialized Model,16,80.10349561727743,1.0142505992506,73.75796178343948,1.1621896
Resnet18 Fine-tuning Randomly Initialized Model,17,80.11405639455064,1.0162318505950876,74.39490445859873,1.156943
Resnet18 Fine-tuning Randomly Initialized Model,18,80.45200126729327,1.005392980333921,74.29299363057325,1.1459644
Resnet18 Fine-tuning Randomly Initialized Model,19,80.66321681275741,1.0024502848249834,74.64968152866243,1.1465026
Resnet18 Fine-tuning Randomly Initialized Model,20,81.02228324004646,0.9993472564462068,74.06369426751593,1.1538509
Resnet18 Fine-tuning Randomly Initialized Model,21,82.17340796282606,0.9755537375002294,74.90445859872611,1.1366687
Resnet18 Fine-tuning Randomly Initialized Model,22,81.66649065371212,0.9751403890550135,74.95541401273886,1.1381902
Resnet18 Fine-tuning Randomly Initialized Model,23,81.62424754461928,0.9748472376046954,74.828025477707,1.1382546
Resnet18 Fine-tuning Randomly Initialized Model,24,81.99387474918154,0.9719813427812344,74.7515923566879,1.1416955
Resnet18 Fine-tuning Randomly Initialized Model,25,82.01499630372795,0.9754055402166134,74.98089171974522,1.1404006
Resnet18 Fine-tuning Randomly Initialized Model,26,81.59256521279966,0.9791796578950172,74.92993630573248,1.1396685
Resnet18 Fine-tuning Randomly Initialized Model,27,82.374062731017,0.9685404657109364,75.26114649681529,1.1413461
Resnet18 Fine-tuning Randomly Initialized Model,28,82.17340796282606,0.9704695774896724,75.10828025477707,1.1430694
Resnet18 Fine-tuning Randomly Initialized Model,29,82.27901573555813,0.9689723929843388,75.18471337579618,1.1355475
Resnet18 Fine-tuning Randomly Initialized Model,30,82.26845495828493,0.9642050366949392,75.23566878980891,1.1377289
Resnet18 Fine-tuning Randomly Initialized Model,31,82.60639983102756,0.9629256848145176,74.87898089171975,1.1413691
Resnet18 Fine-tuning Randomly Initialized Model,32,82.92322314922379,0.958618931371618,74.92993630573248,1.1402183
Resnet18 Fine-tuning Randomly Initialized Model,33,82.2156510719189,0.9659352599567658,75.3375796178344,1.1361094
Resnet18 Fine-tuning Randomly Initialized Model,34,82.3846235082902,0.9633142098381712,75.1592356687898,1.134294
Resnet18 Fine-tuning Randomly Initialized Model,35,82.30013729010456,0.965769543539028,74.77707006369427,1.1391164
Resnet18 Fine-tuning Randomly Initialized Model,36,81.84602386735664,0.969534752840126,74.70063694267516,1.1437212
Resnet18 Fine-tuning Randomly Initialized Model,37,81.7932199809906,0.9745812937617302,74.98089171974522,1.1364081
Resnet18 Fine-tuning Randomly Initialized Model,38,81.91994930826908,0.9709715310584854,74.77707006369427,1.1390759
Resnet18 Fine-tuning Randomly Initialized Model,39,82.82817615376491,0.9618971703221668,75.10828025477707,1.1378555
Resnet18 Fine-tuning Randomly Initialized Model,40,82.3529411764706,0.9636609700281876,74.72611464968153,1.1435401
Resnet18 Fine-tuning Randomly Initialized Model,41,82.36350195374379,0.963980311175456,75.03184713375796,1.140263
Resnet18 Fine-tuning Randomly Initialized Model,42,82.58527827648115,0.9595259508571108,75.21019108280255,1.1409878
Resnet18 Fine-tuning Randomly Initialized Model,43,82.53247439011511,0.9654556764541444,74.72611464968153,1.1505566
Resnet18 Fine-tuning Randomly Initialized Model,44,82.39518428556342,0.9656331634803398,74.70063694267516,1.139906
Resnet18 Fine-tuning Randomly Initialized Model,45,82.49023128102229,0.964763719588518,75.13375796178345,1.1300805
Resnet18 Fine-tuning Randomly Initialized Model,46,82.0889217446404,0.9699342682756282,75.4140127388535,1.1352834
Resnet18 Fine-tuning Randomly Initialized Model,47,82.15228640827965,0.963493191611928,75.10828025477707,1.136699
Resnet18 Fine-tuning Randomly Initialized Model,48,82.56415672193474,0.9664181875618728,74.85350318471338,1.137941
Resnet18 Fine-tuning Randomly Initialized Model,49,82.90210159467736,0.9611136914306396,75.1592356687898,1.1379658
Resnet18 Fine-tuning Randomly Initialized Model,50,82.88098004013095,0.9663064890616648,75.23566878980891,1.1327059
Resnet34 Fine-tuning Randomly Initialized Model,1,33.19252296969057,2.004990672340264,37.12101910828026,1.9325299
Resnet34 Fine-tuning Randomly Initialized Model,2,44.67208786566691,1.7757130613600889,45.63057324840764,1.8066459
Resnet34 Fine-tuning Randomly Initialized Model,3,48.16770514309853,1.695796026168643,46.01273885350319,1.7793126
Resnet34 Fine-tuning Randomly Initialized Model,4,51.81117330235505,1.628876810943758,47.92356687898089,1.7753822
Resnet34 Fine-tuning Randomly Initialized Model,5,54.30351673883198,1.574779028324662,52.99363057324841,1.5956135
Resnet34 Fine-tuning Randomly Initialized Model,6,57.02819727531946,1.5206017190137424,52.53503184713376,1.6238368
Resnet34 Fine-tuning Randomly Initialized Model,7,57.09156193895871,1.5103307815419662,58.52229299363057,1.4984145
Resnet34 Fine-tuning Randomly Initialized Model,8,59.70007392544091,1.4649035406072397,58.496815286624205,1.491007
Resnet34 Fine-tuning Randomly Initialized Model,9,60.777273207308056,1.4305426769361302,56.10191082802548,1.5295765
Resnet34 Fine-tuning Randomly Initialized Model,10,61.33699440278805,1.4108903218765516,56.40764331210191,1.5751582
Resnet34 Fine-tuning Randomly Initialized Model,11,65.83588552117436,1.325489302241319,63.64331210191083,1.3724929
Resnet34 Fine-tuning Randomly Initialized Model,12,66.28999894392227,1.2998872600697182,64.73885350318471,1.3537189
Resnet34 Fine-tuning Randomly Initialized Model,13,67.61009610307319,1.280238683763388,64.3312101910828,1.3591404
Resnet34 Fine-tuning Randomly Initialized Model,14,67.4728059985215,1.2772544899300948,64.99363057324841,1.3528261
Resnet34 Fine-tuning Randomly Initialized Model,15,67.9163586439962,1.272473863149817,65.75796178343948,1.332355
Resnet34 Fine-tuning Randomly Initialized Model,16,69.14140880768825,1.248084259999765,65.70700636942675,1.3363456
Resnet34 Fine-tuning Randomly Initialized Model,17,69.13084803041504,1.2455826371505454,65.12101910828025,1.3397487
Resnet34 Fine-tuning Randomly Initialized Model,18,68.71897771675995,1.2490967908823811,65.45222929936305,1.3313693
Resnet34 Fine-tuning Randomly Initialized Model,19,69.31038124405956,1.2382688674370983,65.98726114649682,1.3323268
Resnet34 Fine-tuning Randomly Initialized Model,20,68.85626782131165,1.2375779233470157,66.42038216560509,1.3213606
Resnet34 Fine-tuning Randomly Initialized Model,21,69.96514943499841,1.2175120971090083,66.1656050955414,1.3197078
Resnet34 Fine-tuning Randomly Initialized Model,22,70.54599218502482,1.215530523979986,66.4968152866242,1.3178749
Resnet34 Fine-tuning Randomly Initialized Model,23,70.3664589713803,1.2102705513101977,66.14012738853503,1.3134211
Resnet34 Fine-tuning Randomly Initialized Model,24,71.00010560777274,1.2059884014967326,66.77707006369427,1.3118547
Resnet34 Fine-tuning Randomly Initialized Model,25,70.33477663956067,1.2128223171709358,66.4968152866242,1.3189029
Resnet34 Fine-tuning Randomly Initialized Model,26,70.50374907593199,1.2104025237463616,66.828025477707,1.3130662
Resnet34 Fine-tuning Randomly Initialized Model,27,70.8205723941282,1.2115481226025402,66.31847133757962,1.3201492
Resnet34 Fine-tuning Randomly Initialized Model,28,70.77832928503538,1.210115688374719,66.39490445859873,1.3197601
Resnet34 Fine-tuning Randomly Initialized Model,29,70.3770197486535,1.2089726538271517,66.80254777070064,1.3181107
Resnet34 Fine-tuning Randomly Initialized Model,30,71.08459182595838,1.199997187667602,66.87898089171975,1.3165627
Resnet34 Fine-tuning Randomly Initialized Model,31,70.49318829865878,1.2046210607765495,66.77707006369427,1.3119502
Resnet34 Fine-tuning Randomly Initialized Model,32,70.70440384412292,1.2078931307470475,66.52229299363057,1.315986
Resnet34 Fine-tuning Randomly Initialized Model,33,70.86281550322104,1.2015752061396032,66.77707006369427,1.3130152
Resnet34 Fine-tuning Randomly Initialized Model,34,70.16580420318935,1.2166272169230758,66.26751592356688,1.3225178
Resnet34 Fine-tuning Randomly Initialized Model,35,70.34533741683389,1.209994949601792,66.7515923566879,1.3111815
Resnet34 Fine-tuning Randomly Initialized Model,36,70.81001161685501,1.2028583431163349,66.42038216560509,1.3106271
Resnet34 Fine-tuning Randomly Initialized Model,37,70.87337628049424,1.2018652863397792,66.64968152866243,1.3156008
Resnet34 Fine-tuning Randomly Initialized Model,38,70.59879607139085,1.1951161585748196,66.70063694267516,1.3071576
Resnet34 Fine-tuning Randomly Initialized Model,39,70.6621607350301,1.2032313106229175,66.98089171974522,1.3078136
Resnet34 Fine-tuning Randomly Initialized Model,40,70.61991762593726,1.20815567853483,66.5732484076433,1.3093486
Resnet34 Fine-tuning Randomly Initialized Model,41,70.51430985320519,1.2046012498841092,66.42038216560509,1.3161364
Resnet34 Fine-tuning Randomly Initialized Model,42,71.42253669870102,1.1967402189164549,66.95541401273886,1.3092422
Resnet34 Fine-tuning Randomly Initialized Model,43,70.0813179850037,1.2142227743123029,66.87898089171975,1.316746
Resnet34 Fine-tuning Randomly Initialized Model,44,70.2397296441018,1.2135332353614472,66.87898089171975,1.3127998
Resnet34 Fine-tuning Randomly Initialized Model,45,70.51430985320519,1.206308275461197,66.64968152866243,1.3232062
Resnet34 Fine-tuning Randomly Initialized Model,46,70.46150596683916,1.213892237560169,66.31847133757962,1.322701
Resnet34 Fine-tuning Randomly Initialized Model,47,70.87337628049424,1.2024714799748886,66.95541401273886,1.3119272
Resnet34 Fine-tuning Randomly Initialized Model,48,70.31365508501426,1.2135148696802758,66.47133757961784,1.3235145
Resnet34 Fine-tuning Randomly Initialized Model,49,70.57767451684444,1.210127930282741,66.98089171974522,1.312469
Resnet34 Fine-tuning Randomly Initialized Model,50,70.67272151230331,1.207905297645846,66.5732484076433,1.3078506
Resnet50 Fine-tuning Randomly Initialized Model,1,30.19326222409969,2.117830065657964,29.75796178343949,2.1917188
Resnet50 Fine-tuning Randomly Initialized Model,2,40.88076882458549,1.8485698057590303,44.0,1.8274938
Resnet50 Fine-tuning Randomly Initialized Model,3,47.28059985214912,1.7310586251519822,47.05732484076433,1.7714324
Resnet50 Fine-tuning Randomly Initialized Model,4,51.45210687506601,1.6449603428309028,40.86624203821656,2.174004
Resnet50 Fine-tuning Randomly Initialized Model,5,52.782764811490125,1.603296066659528,49.2484076433121,1.7366377
Resnet50 Fine-tuning Randomly Initialized Model,6,55.72922167071496,1.559922270476818,48.99363057324841,1.7508373
Resnet50 Fine-tuning Randomly Initialized Model,7,56.61632696166438,1.518481549781722,57.35031847133758,1.5619643
Resnet50 Fine-tuning Randomly Initialized Model,8,58.306051325377545,1.4843362901057746,54.496815286624205,1.6181138
Resnet50 Fine-tuning Randomly Initialized Model,9,59.8162424754462,1.46149512078311,55.49044585987261,1.6536274
Resnet50 Fine-tuning Randomly Initialized Model,10,60.96736719822579,1.4351839199662209,54.853503184713375,1.5925552
Resnet50 Fine-tuning Randomly Initialized Model,11,65.06494878023022,1.3397768116681965,63.6687898089172,1.396826
Resnet50 Fine-tuning Randomly Initialized Model,12,66.42728904847397,1.3031876744652116,64.3312101910828,1.3790823
Resnet50 Fine-tuning Randomly Initialized Model,13,67.69458232125885,1.291123050088818,65.47770700636943,1.3580078
Resnet50 Fine-tuning Randomly Initialized Model,14,67.99028408490865,1.2823191033424557,65.45222929936305,1.3532609
Resnet50 Fine-tuning Randomly Initialized Model,15,67.81075087126412,1.2770042128458217,65.73248407643312,1.3468599
Resnet50 Fine-tuning Randomly Initialized Model,16,67.53617066216073,1.2834543981463522,66.39490445859873,1.3421581
Resnet50 Fine-tuning Randomly Initialized Model,17,68.19093885309958,1.266886253111266,65.65605095541402,1.3504993
Resnet50 Fine-tuning Randomly Initialized Model,18,68.96187559404372,1.2559696027153249,66.44585987261146,1.3299326
Resnet50 Fine-tuning Randomly Initialized Model,19,69.65888689407541,1.249975929791863,66.4968152866242,1.3221035
Resnet50 Fine-tuning Randomly Initialized Model,20,68.82458548949202,1.2450300532619696,66.24203821656052,1.3319318
Resnet50 Fine-tuning Randomly Initialized Model,21,70.14468264864294,1.2308764098262466,66.67515923566879,1.3240014
Resnet50 Fine-tuning Randomly Initialized Model,22,70.5248706304784,1.2180906025743163,66.80254777070064,1.3262233
Resnet50 Fine-tuning Randomly Initialized Model,23,69.73281233498786,1.2305824647884112,67.46496815286625,1.3095784
Resnet50 Fine-tuning Randomly Initialized Model,24,70.56711373957123,1.2255513357955057,66.98089171974522,1.3129048
Resnet50 Fine-tuning Randomly Initialized Model,25,70.27141197592142,1.2230105009433383,66.67515923566879,1.3160517
Resnet50 Fine-tuning Randomly Initialized Model,26,70.88393705776745,1.2141160815954208,67.59235668789809,1.3105253
Resnet50 Fine-tuning Randomly Initialized Model,27,70.57767451684444,1.2176660642631956,66.08917197452229,1.3171825
Resnet50 Fine-tuning Randomly Initialized Model,28,70.44038441229274,1.2218365781009195,67.21019108280255,1.3090558
Resnet50 Fine-tuning Randomly Initialized Model,29,70.73608617594255,1.2224807077767077,66.36942675159236,1.3227105
Resnet50 Fine-tuning Randomly Initialized Model,30,70.67272151230331,1.2223790454099308,67.1592356687898,1.3049909
Resnet50 Fine-tuning Randomly Initialized Model,31,70.60935684866406,1.2180264893214443,67.00636942675159,1.3108122
Resnet50 Fine-tuning Randomly Initialized Model,32,70.65159995775689,1.2181372770385162,66.80254777070064,1.3196859
Resnet50 Fine-tuning Randomly Initialized Model,33,70.84169394867462,1.2148248673089452,67.3375796178344,1.3167669
Resnet50 Fine-tuning Randomly Initialized Model,34,70.45094518956596,1.2180560869542327,67.36305732484077,1.3148057
Resnet50 Fine-tuning Randomly Initialized Model,35,70.60935684866406,1.2164027090813665,67.05732484076434,1.3160452
Resnet50 Fine-tuning Randomly Initialized Model,36,70.48262752138558,1.2216610153381888,67.1592356687898,1.3078212
Resnet50 Fine-tuning Randomly Initialized Model,37,70.31365508501426,1.2142656824073277,66.77707006369427,1.3044276
Resnet50 Fine-tuning Randomly Initialized Model,38,70.63047840321047,1.212898832116578,67.13375796178345,1.308849
Resnet50 Fine-tuning Randomly Initialized Model,39,70.98954483049953,1.2120145514003329,67.23566878980891,1.324748
Resnet50 Fine-tuning Randomly Initialized Model,40,70.72552539866935,1.2138420805536412,67.18471337579618,1.310002
Resnet50 Fine-tuning Randomly Initialized Model,41,70.2291688668286,1.2256611145630076,66.47133757961784,1.3213862
Resnet50 Fine-tuning Randomly Initialized Model,42,70.77832928503538,1.214923833874432,66.59872611464968,1.3167518
Resnet50 Fine-tuning Randomly Initialized Model,43,70.53543140775162,1.213975370836419,67.71974522292993,1.2920184
Resnet50 Fine-tuning Randomly Initialized Model,44,70.71496462139613,1.212483044411685,67.23566878980891,1.3131436
Resnet50 Fine-tuning Randomly Initialized Model,45,70.69384306684972,1.2173440283214725,67.23566878980891,1.3045057
Resnet50 Fine-tuning Randomly Initialized Model,46,70.70440384412292,1.2181521147690917,67.64331210191082,1.3065009
Resnet50 Fine-tuning Randomly Initialized Model,47,71.27468581687612,1.2063375377171748,67.31210191082802,1.3128643
Resnet50 Fine-tuning Randomly Initialized Model,48,70.63047840321047,1.2212592784214664,67.4140127388535,1.3145839
Resnet50 Fine-tuning Randomly Initialized Model,49,70.46150596683916,1.225832801513575,66.90445859872611,1.3184003
Resnet50 Fine-tuning Randomly Initialized Model,50,70.97898405322631,1.211146414884039,66.92993630573248,1.3110133
Resnet18 Supervised Pre-trained Model,1,46.3934945611997,1.7232234066201222,57.29936305732484,1.5074177
Resnet18 Supervised Pre-trained Model,2,61.801668602809166,1.4116395567921367,61.93630573248408,1.4130082
Resnet18 Supervised Pre-trained Model,3,68.30710740310487,1.2765047436429036,69.2484076433121,1.2593584
Resnet18 Supervised Pre-trained Model,4,72.03506178054705,1.1918068239213646,73.65605095541402,1.166595
Resnet18 Supervised Pre-trained Model,5,75.08712641250396,1.1310402702640843,72.81528662420382,1.1595149
Resnet18 Supervised Pre-trained Model,6,76.92470165804203,1.0803777520116922,77.55414012738854,1.0791855
Resnet18 Supervised Pre-trained Model,7,78.33984581265182,1.0423521083351728,74.11464968152866,1.1534067
Resnet18 Supervised Pre-trained Model,8,80.16686028091668,1.0103077625704777,78.24203821656052,1.0596225
Resnet18 Supervised Pre-trained Model,9,81.85658464462985,0.9706552283385316,77.14649681528662,1.0846708
Resnet18 Supervised Pre-trained Model,10,82.73312915830606,0.9511936537518695,79.49044585987261,1.0266746
Resnet18 Supervised Pre-trained Model,11,87.23202027669237,0.8498577959835529,84.17834394904459,0.927274
Resnet18 Supervised Pre-trained Model,12,88.49931354947724,0.8280802902740401,84.6624203821656,0.9166036
Resnet18 Supervised Pre-trained Model,13,89.08015629950364,0.8144745642470347,84.53503184713375,0.920781
Resnet18 Supervised Pre-trained Model,14,89.25968951314817,0.8083890918138865,85.04458598726114,0.9078881
Resnet18 Supervised Pre-trained Model,15,89.63987749498364,0.7981660968145808,84.96815286624204,0.9118741
Resnet18 Supervised Pre-trained Model,16,90.22072024501003,0.7905431645544799,85.01910828025478,0.9067095
Resnet18 Supervised Pre-trained Model,17,90.65371211321153,0.7844178814541649,85.70700636942675,0.8955682
Resnet18 Supervised Pre-trained Model,18,90.0200654768191,0.781172278261668,85.91082802547771,0.89447874
Resnet18 Supervised Pre-trained Model,19,90.67483366775795,0.7776386342137247,85.47770700636943,0.8928513
Resnet18 Supervised Pre-trained Model,20,90.91773154504172,0.7706329384566964,86.1656050955414,0.889184
Resnet18 Supervised Pre-trained Model,21,92.41736191783716,0.7497428223692082,85.96178343949045,0.8884896
Resnet18 Supervised Pre-trained Model,22,91.72035061780547,0.7587638961503634,85.80891719745223,0.89171493
Resnet18 Supervised Pre-trained Model,23,92.23782870419262,0.7541558806960648,85.73248407643312,0.88709676
Resnet18 Supervised Pre-trained Model,24,92.06885626782132,0.7560614639440099,86.01273885350318,0.89175594
Resnet18 Supervised Pre-trained Model,25,92.38567958601753,0.7517507909922987,86.08917197452229,0.88383037
Resnet18 Supervised Pre-trained Model,26,92.06885626782132,0.7486688814855911,85.75796178343948,0.88963157
Resnet18 Supervised Pre-trained Model,27,92.07941704509452,0.7486895142576179,86.03821656050955,0.88931185
Resnet18 Supervised Pre-trained Model,28,92.31175414510508,0.7490623311416523,85.85987261146497,0.88973063
Resnet18 Supervised Pre-trained Model,29,92.63913824057451,0.743134552562559,86.24203821656052,0.881955
Resnet18 Supervised Pre-trained Model,30,92.08997782236773,0.746760081902549,86.14012738853503,0.8830847
Resnet18 Supervised Pre-trained Model,31,92.28007181328546,0.7484480535259118,86.21656050955414,0.8852983
Resnet18 Supervised Pre-trained Model,32,92.32231492237828,0.7480728785331184,86.03821656050955,0.8835964
Resnet18 Supervised Pre-trained Model,33,92.54409124511564,0.7429981491452938,86.06369426751593,0.8821305
Resnet18 Supervised Pre-trained Model,34,92.85035378603865,0.7389037395651276,85.80891719745223,0.88530296
Resnet18 Supervised Pre-trained Model,35,92.45960502692998,0.7426072350023566,86.14012738853503,0.8830327
Resnet18 Supervised Pre-trained Model,36,92.10053859964093,0.7500590929711187,86.29299363057325,0.8810783
Resnet18 Supervised Pre-trained Model,37,92.43848347238357,0.7421337909795143,86.19108280254777,0.8863095
Resnet18 Supervised Pre-trained Model,38,92.00549160418207,0.7482918294499049,85.96178343949045,0.8867996
Resnet18 Supervised Pre-trained Model,39,92.90315767240469,0.7425641517180044,86.06369426751593,0.8841701
Resnet18 Supervised Pre-trained Model,40,92.56521279966205,0.742401937475881,86.06369426751593,0.88355476
Resnet18 Supervised Pre-trained Model,41,92.42792269511035,0.7459443710945748,86.24203821656052,0.8872303
Resnet18 Supervised Pre-trained Model,42,92.21670714964621,0.7467915997714609,86.1656050955414,0.8851199
Resnet18 Supervised Pre-trained Model,43,92.41736191783716,0.7421675796645719,85.96178343949045,0.88819766
Resnet18 Supervised Pre-trained Model,44,92.23782870419262,0.7446900922301654,85.98726114649682,0.8850365
Resnet18 Supervised Pre-trained Model,45,92.4912873587496,0.745960446930415,86.11464968152866,0.88388705
Resnet18 Supervised Pre-trained Model,46,92.73418523603337,0.739889581763261,86.14012738853503,0.8831699
Resnet18 Supervised Pre-trained Model,47,92.39624036329074,0.7464182950757645,86.26751592356688,0.88516086
Resnet18 Supervised Pre-trained Model,48,92.42792269511035,0.7437398984424166,86.01273885350318,0.88666654
Resnet18 Supervised Pre-trained Model,49,92.54409124511564,0.7461511126241168,86.26751592356688,0.88293153
Resnet18 Supervised Pre-trained Model,50,92.4912873587496,0.745541886502021,86.06369426751593,0.8842057
Resnet34 Supervised Pre-trained Model,1,41.398246910972645,1.8139924022394258,52.560509554140125,1.6116087
Resnet34 Supervised Pre-trained Model,2,58.16876122082585,1.4866939756918598,59.36305732484077,1.5062288
Resnet34 Supervised Pre-trained Model,3,64.58971380293589,1.356034568435437,64.71337579617834,1.339451
Resnet34 Supervised Pre-trained Model,4,68.6450522758475,1.258355659910956,70.42038216560509,1.2410151
Resnet34 Supervised Pre-trained Model,5,72.13010877600591,1.186245856957661,73.12101910828025,1.164004
Resnet34 Supervised Pre-trained Model,6,74.63301298975604,1.1323531460319016,74.70063694267516,1.1337498
Resnet34 Supervised Pre-trained Model,7,76.43890590347449,1.0815450538050484,72.35668789808918,1.184568
Resnet34 Supervised Pre-trained Model,8,78.12863026718766,1.051286442356335,76.81528662420382,1.0770925
Resnet34 Supervised Pre-trained Model,9,79.34311965360651,1.0142234780297086,78.03821656050955,1.0419192
Resnet34 Supervised Pre-trained Model,10,81.42359277642835,0.9755146388669271,78.01273885350318,1.0482392
Resnet34 Supervised Pre-trained Model,11,85.4155665857007,0.8810930078899538,82.67515923566879,0.9392988
Resnet34 Supervised Pre-trained Model,12,87.07360861759426,0.8496049333464455,83.26114649681529,0.9252674
Resnet34 Supervised Pre-trained Model,13,87.41155349033689,0.8404926720100481,83.13375796178345,0.924959
Resnet34 Supervised Pre-trained Model,14,87.7178160312599,0.8298575678789938,83.59235668789809,0.9151942
Resnet34 Supervised Pre-trained Model,15,87.7178160312599,0.8256039388880536,83.59235668789809,0.9149746
Resnet34 Supervised Pre-trained Model,16,88.54155665857007,0.8128793480227122,83.26114649681529,0.91601413
Resnet34 Supervised Pre-trained Model,17,88.7316506494878,0.8113433479054554,84.35668789808918,0.90135384
Resnet34 Supervised Pre-trained Model,18,89.05903474495723,0.7991968330902022,83.7452229299363,0.9006406
Resnet34 Supervised Pre-trained Model,19,89.61875594043721,0.794274669643995,84.20382165605096,0.90086645
Resnet34 Supervised Pre-trained Model,20,89.95670081317985,0.7871340179966914,84.20382165605096,0.9124191
Resnet34 Supervised Pre-trained Model,21,90.73819833139719,0.7712427162238069,84.07643312101911,0.89832956
Resnet34 Supervised Pre-trained Model,22,90.42137501320097,0.7736154330541959,83.97452229299363,0.8957373
Resnet34 Supervised Pre-trained Model,23,90.33688879501531,0.7709674621756012,84.17834394904459,0.8934106
Resnet34 Supervised Pre-trained Model,24,90.70651599957758,0.7696019447333103,84.17834394904459,0.8990482
Resnet34 Supervised Pre-trained Model,25,90.59034744957229,0.7671765993173058,84.3312101910828,0.89711946
Resnet34 Supervised Pre-trained Model,26,91.25567641778434,0.763503746406452,84.22929936305732,0.8982725
Resnet34 Supervised Pre-trained Model,27,90.81212377230965,0.7657359431724291,84.48407643312102,0.89131844
Resnet34 Supervised Pre-trained Model,28,90.85436688140247,0.7640096662012307,84.43312101910828,0.8947173
Resnet34 Supervised Pre-trained Model,29,90.95997465413454,0.762294520196077,84.56050955414013,0.89251006
Resnet34 Supervised Pre-trained Model,30,91.01277854050058,0.7646436588586988,84.48407643312102,0.8894389
Resnet34 Supervised Pre-trained Model,31,91.0444608723202,0.7596836672038645,84.30573248407643,0.89216757
Resnet34 Supervised Pre-trained Model,32,90.8860492132221,0.7619647745143723,84.35668789808918,0.8932048
Resnet34 Supervised Pre-trained Model,33,91.09726475868624,0.7607645455848526,84.3312101910828,0.8935225
Resnet34 Supervised Pre-trained Model,34,90.94941387686134,0.7632716869985735,84.63694267515923,0.8893061
Resnet34 Supervised Pre-trained Model,35,90.8966099904953,0.7644845840294618,84.48407643312102,0.8903937
Resnet34 Supervised Pre-trained Model,36,90.99165698595417,0.762557134132933,84.22929936305732,0.89409244
Resnet34 Supervised Pre-trained Model,37,90.60090822684549,0.7613379936161879,84.3312101910828,0.89084226
Resnet34 Supervised Pre-trained Model,38,91.17119019959868,0.7582099409522237,84.56050955414013,0.8927458
Resnet34 Supervised Pre-trained Model,39,91.033900095047,0.7590662661839176,84.12738853503184,0.90196073
Resnet34 Supervised Pre-trained Model,40,91.17119019959868,0.7557456737031808,84.35668789808918,0.8908407
Resnet34 Supervised Pre-trained Model,41,91.29791952687718,0.7556855455040932,84.53503184713375,0.89227796
Resnet34 Supervised Pre-trained Model,42,90.54810434047945,0.7678893491424419,84.12738853503184,0.8933099
Resnet34 Supervised Pre-trained Model,43,91.48801351779491,0.754426746755033,84.30573248407643,0.8900558
Resnet34 Supervised Pre-trained Model,44,91.19231175414511,0.7580760044826044,84.28025477707007,0.89324474
Resnet34 Supervised Pre-trained Model,45,91.01277854050058,0.7587705292814487,84.15286624203821,0.89119804
Resnet34 Supervised Pre-trained Model,46,90.92829232231492,0.7599434895894012,84.43312101910828,0.89161545
Resnet34 Supervised Pre-trained Model,47,91.02333931777379,0.7605353095442862,84.5859872611465,0.889706
Resnet34 Supervised Pre-trained Model,48,90.82268454958285,0.7611509404472403,84.20382165605096,0.8937862
Resnet34 Supervised Pre-trained Model,49,90.65371211321153,0.764715689158923,84.45859872611464,0.8903953
Resnet34 Supervised Pre-trained Model,50,91.05502164959341,0.7611440356720138,84.10191082802548,0.8936953
Resnet50 Supervised Pre-trained Model,1,39.138240574506284,1.8578237838841773,47.210191082802545,1.7484574
Resnet50 Supervised Pre-trained Model,2,54.56753617066216,1.559425478448739,54.904458598726116,1.5702906
Resnet50 Supervised Pre-trained Model,3,61.76998627098954,1.413570306289035,64.17834394904459,1.374555
Resnet50 Supervised Pre-trained Model,4,65.64579153025663,1.3333731135605156,65.14649681528662,1.3358665
Resnet50 Supervised Pre-trained Model,5,68.86682859858486,1.2632707999767483,70.14012738853503,1.2380311
Resnet50 Supervised Pre-trained Model,6,71.96113633963459,1.2016094384362568,71.82165605095541,1.2204026
Resnet50 Supervised Pre-trained Model,7,73.53469215334249,1.1670423249739248,73.37579617834395,1.1520324
Resnet50 Supervised Pre-trained Model,8,74.65413454430247,1.1346735432744026,73.93630573248407,1.1384091
Resnet50 Supervised Pre-trained Model,9,76.20656880346394,1.1003215550570875,71.23566878980891,1.206371
Resnet50 Supervised Pre-trained Model,10,77.4527405217024,1.07063261771927,76.0,1.1004721
Resnet50 Supervised Pre-trained Model,11,82.28957651283135,0.9656648604652366,79.59235668789809,1.0194763
Resnet50 Supervised Pre-trained Model,12,83.43014045833773,0.9378312555317944,80.30573248407643,1.0098791
Resnet50 Supervised Pre-trained Model,13,83.47238356743057,0.9319429750982169,80.22929936305732,1.0090172
Resnet50 Supervised Pre-trained Model,14,84.46509663111205,0.9185232009638,80.73885350318471,0.98884666
Resnet50 Supervised Pre-trained Model,15,84.43341429929242,0.9098559575709136,81.35031847133757,0.98850137
Resnet50 Supervised Pre-trained Model,16,84.65519062202978,0.9044719768335691,80.63694267515923,1.0032878
Resnet50 Supervised Pre-trained Model,17,84.79248072658147,0.901154873238222,81.19745222929936,0.9863093
Resnet50 Supervised Pre-trained Model,18,85.47893124933995,0.8911383618172761,80.96815286624204,0.99744916
Resnet50 Supervised Pre-trained Model,19,85.9858485584539,0.8881590350254162,81.32484076433121,0.9837954
Resnet50 Supervised Pre-trained Model,20,85.61622135389165,0.8812301453907747,81.91082802547771,0.9729228
Resnet50 Supervised Pre-trained Model,21,86.66173830393917,0.8659218144980637,81.91082802547771,0.9701512
Resnet50 Supervised Pre-trained Model,22,87.15809483577992,0.8657703229503052,82.36942675159236,0.96678084
Resnet50 Supervised Pre-trained Model,23,86.79902840849087,0.8674002173985984,82.03821656050955,0.9611454
Resnet50 Supervised Pre-trained Model,24,86.90463618122294,0.8565655386931187,81.93630573248407,0.96282506
Resnet50 Supervised Pre-trained Model,25,87.37987115851726,0.8514864809207014,82.29299363057325,0.96005684
Resnet50 Supervised Pre-trained Model,26,86.8518322948569,0.860223771953905,81.98726114649682,0.9729811
Resnet50 Supervised Pre-trained Model,27,87.32706727215123,0.8550727299943164,82.19108280254777,0.97453445
Resnet50 Supervised Pre-trained Model,28,87.5805259267082,0.8515661920647364,81.78343949044586,0.9668879
Resnet50 Supervised Pre-trained Model,29,87.1369732812335,0.852843435833583,82.14012738853503,0.97364634
Resnet50 Supervised Pre-trained Model,30,87.89734924490442,0.8510662275995757,81.88535031847134,0.9707557
Resnet50 Supervised Pre-trained Model,31,87.24258105396557,0.8541502168251051,81.96178343949045,0.9726757
Resnet50 Supervised Pre-trained Model,32,87.17921639032633,0.8546369850031428,82.21656050955414,0.9667693
Resnet50 Supervised Pre-trained Model,33,87.1369732812335,0.853956844556976,81.80891719745223,0.97185624
Resnet50 Supervised Pre-trained Model,34,87.40099271306369,0.8496313112208972,81.85987261146497,0.96797377
Resnet50 Supervised Pre-trained Model,35,87.23202027669237,0.8519351243771411,81.91082802547771,0.9721915
Resnet50 Supervised Pre-trained Model,36,87.54884359488858,0.8462747850933591,81.70700636942675,0.975564
Resnet50 Supervised Pre-trained Model,37,87.65445136762065,0.8485762662178761,82.06369426751593,0.97032464
Resnet50 Supervised Pre-trained Model,38,87.01024395395501,0.8563001632086329,81.73248407643312,0.975673
Resnet50 Supervised Pre-trained Model,39,87.54884359488858,0.8502198118414428,81.98726114649682,0.9640482
Resnet50 Supervised Pre-trained Model,40,87.51716126306896,0.8460391397411758,81.29936305732484,1.0010537
Resnet50 Supervised Pre-trained Model,41,87.61220825852783,0.8490716269290125,82.34394904458598,0.96116805
Resnet50 Supervised Pre-trained Model,42,87.44323582215651,0.8498587333471388,81.88535031847134,0.9664202
Resnet50 Supervised Pre-trained Model,43,87.17921639032633,0.8507201195367284,82.29299363057325,0.96204007
Resnet50 Supervised Pre-trained Model,44,87.49603970852255,0.8513108291537375,81.88535031847134,0.96233624
Resnet50 Supervised Pre-trained Model,45,87.89734924490442,0.8487976122949574,82.21656050955414,0.96422654
Resnet50 Supervised Pre-trained Model,46,87.67557292216708,0.8485755219652846,82.1656050955414,0.9767487
Resnet50 Supervised Pre-trained Model,47,87.62276903580104,0.8522353089741759,82.36942675159236,0.96681964
Resnet50 Supervised Pre-trained Model,48,87.36931038124406,0.8511337764762543,82.08917197452229,0.9642957
Resnet50 Supervised Pre-trained Model,49,87.54884359488858,0.8517153332563671,81.73248407643312,0.98042786
Resnet50 Supervised Pre-trained Model,50,87.95015313127047,0.849947867965376,82.21656050955414,0.9613702
Resnet18 Supervised Randomly Initialized Model,1,35.167388319780336,1.9693102888964318,45.732484076433124,1.7920694
Resnet18 Supervised Randomly Initialized Model,2,51.59995775689091,1.641875269445213,55.64331210191083,1.6422281
Resnet18 Supervised Randomly Initialized Model,3,60.19643045728166,1.4533180661902234,62.140127388535035,1.4214791
Resnet18 Supervised Randomly Initialized Model,4,64.91709789840532,1.3463539546607315,63.388535031847134,1.3680133
Resnet18 Supervised Randomly Initialized Model,5,69.90178477135917,1.2471028300555977,65.78343949044586,1.3977151
Resnet18 Supervised Randomly Initialized Model,6,72.58422219875384,1.1770650351772438,71.26114649681529,1.248514
Resnet18 Supervised Randomly Initialized Model,7,74.92871475340586,1.1315851911298327,73.22292993630573,1.1569811
Resnet18 Supervised Randomly Initialized Model,8,76.61843911711902,1.0847764864966676,70.03821656050955,1.2529393
Resnet18 Supervised Randomly Initialized Model,9,78.35040658992502,1.0550372184732475,76.28025477707007,1.117135
Resnet18 Supervised Randomly Initialized Model,10,79.60713908543669,1.0213444172530561,73.75796178343948,1.1598253
Resnet18 Supervised Randomly Initialized Model,11,85.16210793114374,0.899814539966551,83.05732484076434,0.9480217
Resnet18 Supervised Randomly Initialized Model,12,87.23202027669237,0.8650448680729479,83.54140127388536,0.9355586
Resnet18 Supervised Randomly Initialized Model,13,87.59108670398142,0.8573016753873309,83.87261146496816,0.92209435
Resnet18 Supervised Randomly Initialized Model,14,87.89734924490442,0.8375688903033733,84.43312101910828,0.9153768
Resnet18 Supervised Randomly Initialized Model,15,88.435948885838,0.8330410179254171,84.43312101910828,0.920623
Resnet18 Supervised Randomly Initialized Model,16,88.7316506494878,0.8205499351024628,84.8407643312102,0.9024214
Resnet18 Supervised Randomly Initialized Model,17,88.96398774949836,0.8149092386703234,85.32484076433121,0.89947295
Resnet18 Supervised Randomly Initialized Model,18,89.54483049952476,0.8066694172652992,84.81528662420382,0.90373963
Resnet18 Supervised Randomly Initialized Model,19,90.1890379131904,0.793489842096696,85.52866242038216,0.8922889
Resnet18 Supervised Randomly Initialized Model,20,90.30520646319569,0.7924756167104116,85.37579617834395,0.88970274
Resnet18 Supervised Randomly Initialized Model,21,90.93885309958813,0.7737537086815447,85.8343949044586,0.88714194
Resnet18 Supervised Randomly Initialized Model,22,91.35072341324322,0.7689509853922032,85.73248407643312,0.8916484
Resnet18 Supervised Randomly Initialized Model,23,91.58306051325377,0.7675324297837309,85.88535031847134,0.8818147
Resnet18 Supervised Randomly Initialized Model,24,91.49857429506811,0.766485914487291,85.68152866242038,0.8824919
Resnet18 Supervised Randomly Initialized Model,25,91.6147428450734,0.767857425317571,85.63057324840764,0.88283616
Resnet18 Supervised Randomly Initialized Model,26,91.25567641778434,0.7694156587727972,85.65605095541402,0.88070613
Resnet18 Supervised Randomly Initialized Model,27,91.53025662688773,0.7652007512546875,85.78343949044586,0.88981795
Resnet18 Supervised Randomly Initialized Model,28,91.74147217235189,0.7629568960416961,86.34394904458598,0.8840901
Resnet18 Supervised Randomly Initialized Model,29,91.6253036223466,0.7604783366660814,85.85987261146497,0.88344675
Resnet18 Supervised Randomly Initialized Model,30,91.94212694054282,0.7551717310137039,85.78343949044586,0.8845712
Resnet18 Supervised Randomly Initialized Model,31,91.87876227690359,0.7579673310188023,85.98726114649682,0.87918985
Resnet18 Supervised Randomly Initialized Model,32,91.93156616326962,0.7571651179444145,86.08917197452229,0.87695926
Resnet18 Supervised Randomly Initialized Model,33,91.95268771781603,0.7573013130474735,85.8343949044586,0.8787102
Resnet18 Supervised Randomly Initialized Model,34,92.3539972541979,0.7534927841577981,85.88535031847134,0.88145006
Resnet18 Supervised Randomly Initialized Model,35,92.10053859964093,0.7564125791997522,85.98726114649682,0.8810711
Resnet18 Supervised Randomly Initialized Model,36,91.65698595416623,0.7601108157352822,85.80891719745223,0.88174814
Resnet18 Supervised Randomly Initialized Model,37,92.00549160418207,0.7531892987521919,86.03821656050955,0.87876785
Resnet18 Supervised Randomly Initialized Model,38,91.6358643996198,0.756592312273947,85.85987261146497,0.8749189
Resnet18 Supervised Randomly Initialized Model,39,91.9104446087232,0.7539582462931002,85.88535031847134,0.8779152
Resnet18 Supervised Randomly Initialized Model,40,92.12166015418735,0.7544097322467211,85.70700636942675,0.8805369
Resnet18 Supervised Randomly Initialized Model,41,92.12166015418735,0.7552303336560726,86.03821656050955,0.8781906
Resnet18 Supervised Randomly Initialized Model,42,92.16390326328018,0.7535328463324018,85.80891719745223,0.8769187
Resnet18 Supervised Randomly Initialized Model,43,91.68866828598586,0.7573387691298047,85.8343949044586,0.879756
Resnet18 Supervised Randomly Initialized Model,44,92.22726792691942,0.7556995877341645,85.98726114649682,0.87567383
Resnet18 Supervised Randomly Initialized Model,45,92.25895025873905,0.7588026309134187,85.47770700636943,0.8781116
Resnet18 Supervised Randomly Initialized Model,46,92.12166015418735,0.7548191419525726,85.8343949044586,0.8791877
Resnet18 Supervised Randomly Initialized Model,47,91.87876227690359,0.7597872051032813,85.85987261146497,0.8785422
Resnet18 Supervised Randomly Initialized Model,48,91.7625937268983,0.7589247160263963,86.11464968152866,0.8753651
Resnet18 Supervised Randomly Initialized Model,49,92.04773471327489,0.7522894976710951,85.68152866242038,0.87797505
Resnet18 Supervised Randomly Initialized Model,50,92.04773471327489,0.7552845759971721,86.03821656050955,0.87807655
Resnet34 Supervised Randomly Initialized Model,1,29.3378392649699,2.0741568411121496,37.27388535031847,2.0170572
Resnet34 Supervised Randomly Initialized Model,2,45.84433414299293,1.739637656993157,50.77707006369427,1.7879988
Resnet34 Supervised Randomly Initialized Model,3,55.085014257049316,1.5568161040947244,49.732484076433124,1.7390296
Resnet34 Supervised Randomly Initialized Model,4,61.00961030731862,1.4234053134112745,59.97452229299363,1.460179
Resnet34 Supervised Randomly Initialized Model,5,65.55074453479776,1.3339385508081398,63.745222929936304,1.3774848
Resnet34 Supervised Randomly Initialized Model,6,69.70113000316823,1.247169570644965,64.68789808917198,1.4078289
Resnet34 Supervised Randomly Initialized Model,7,71.74992079417045,1.203126058787913,68.50955414012739,1.3992934
Resnet34 Supervised Randomly Initialized Model,8,73.86207624881192,1.1514242214931023,73.14649681528662,1.2262393
Resnet34 Supervised Randomly Initialized Model,9,75.80525926708205,1.1046956873221978,74.47133757961784,1.2143438
Resnet34 Supervised Randomly Initialized Model,10,76.93526243531524,1.0741708336045612,73.75796178343948,1.1585004
Resnet34 Supervised Randomly Initialized Model,11,82.8070545992185,0.9430944558132339,81.27388535031847,0.98538375
Resnet34 Supervised Randomly Initialized Model,12,84.5390220720245,0.9091898121342465,81.73248407643312,0.9745297
Resnet34 Supervised Randomly Initialized Model,13,85.48949202661316,0.8874451715398479,82.31847133757962,0.96088547
Resnet34 Supervised Randomly Initialized Model,14,86.28155032210371,0.872630259374509,81.88535031847134,0.9773722
Resnet34 Supervised Randomly Initialized Model,15,86.4082796493822,0.8614977719010534,82.44585987261146,0.97287846
Resnet34 Supervised Randomly Initialized Model,16,87.20033794487274,0.8503667193691473,82.21656050955414,0.99040043
Resnet34 Supervised Randomly Initialized Model,17,87.41155349033689,0.8441475476767566,83.05732484076434,0.97915167
Resnet34 Supervised Randomly Initialized Model,18,87.89734924490442,0.8338314961339977,83.7452229299363,0.913042
Resnet34 Supervised Randomly Initialized Model,19,88.35146266765234,0.8272281552891474,82.59872611464968,1.0108914
Resnet34 Supervised Randomly Initialized Model,20,88.8689407540395,0.8115505834890379,83.10828025477707,1.0560582
Resnet34 Supervised Randomly Initialized Model,21,89.81941070862815,0.7915808589675942,84.10191082802548,0.9338168
Resnet34 Supervised Randomly Initialized Model,22,89.71380293589608,0.7871836947428213,83.64331210191082,0.96021605
Resnet34 Supervised Randomly Initialized Model,23,90.36857112683494,0.7839561413872886,83.84713375796179,1.0217438
Resnet34 Supervised Randomly Initialized Model,24,90.1784771359172,0.7816648996762328,83.71974522292993,0.97337633
Resnet34 Supervised Randomly Initialized Model,25,90.11511247227796,0.779360588337924,83.6687898089172,1.028392
Resnet34 Supervised Randomly Initialized Model,26,90.37913190410815,0.7746421143009856,83.64331210191082,1.0884988
Resnet34 Supervised Randomly Initialized Model,27,90.81212377230965,0.7753420208354254,84.07643312101911,0.9588754
Resnet34 Supervised Randomly Initialized Model,28,90.71707677685077,0.7748017875930747,84.10191082802548,0.9810958
Resnet34 Supervised Randomly Initialized Model,29,90.30520646319569,0.772870239776534,84.22929936305732,0.97603256
Resnet34 Supervised Randomly Initialized Model,30,90.36857112683494,0.7764074515450645,84.5859872611465,0.9207992
Resnet34 Supervised Randomly Initialized Model,31,90.83324532685606,0.7685522190421015,84.6624203821656,0.93169254
Resnet34 Supervised Randomly Initialized Model,32,90.76988066321681,0.7674461707875535,84.61146496815287,0.9219139
Resnet34 Supervised Randomly Initialized Model,33,90.55866511775267,0.7698591781427732,84.56050955414013,0.9267412
Resnet34 Supervised Randomly Initialized Model,34,90.86492765867568,0.7667377055496782,84.8407643312102,0.9133198
Resnet34 Supervised Randomly Initialized Model,35,90.67483366775795,0.7697299646364676,84.73885350318471,0.91238654
Resnet34 Supervised Randomly Initialized Model,36,90.86492765867568,0.7679900837105673,84.17834394904459,0.99522763
Resnet34 Supervised Randomly Initialized Model,37,91.08670398141304,0.7678416302880725,83.23566878980891,1.1695908
Resnet34 Supervised Randomly Initialized Model,38,90.91773154504172,0.7681253129566038,84.10191082802548,0.9871818
Resnet34 Supervised Randomly Initialized Model,39,90.8966099904953,0.7692646454717662,83.18471337579618,1.194413
Resnet34 Supervised Randomly Initialized Model,40,90.52698278593304,0.7689151989447104,84.22929936305732,1.0090864
Resnet34 Supervised Randomly Initialized Model,41,90.41081423592776,0.7694434184278991,84.02547770700637,0.974833
Resnet34 Supervised Randomly Initialized Model,42,90.85436688140247,0.7692719563036352,84.56050955414013,0.95015734
Resnet34 Supervised Randomly Initialized Model,43,90.80156299503643,0.7659923115090744,85.04458598726114,0.90358335
Resnet34 Supervised Randomly Initialized Model,44,90.76988066321681,0.7688580193632358,84.40764331210191,0.9391336
Resnet34 Supervised Randomly Initialized Model,45,90.72763755412399,0.7685668468475342,84.07643312101911,1.0162642
Resnet34 Supervised Randomly Initialized Model,46,90.50586123138663,0.7728538315843891,85.29936305732484,0.90167636
Resnet34 Supervised Randomly Initialized Model,47,90.72763755412399,0.7680042326651715,84.02547770700637,0.97125894
Resnet34 Supervised Randomly Initialized Model,48,90.6114690041187,0.7691806167162754,83.56687898089172,1.1111038
Resnet34 Supervised Randomly Initialized Model,49,90.98109620868095,0.765833518996432,84.43312101910828,0.9875216
Resnet34 Supervised Randomly Initialized Model,50,90.65371211321153,0.7731322584724104,83.0828025477707,1.1526245
Resnet50 Supervised Randomly Initialized Model,1,26.518111733023552,2.1636599747313037,32.02547770700637,2.0087326
Resnet50 Supervised Randomly Initialized Model,2,37.881508078994614,1.8884906390228786,36.9171974522293,1.9731224
Resnet50 Supervised Randomly Initialized Model,3,50.501636920477345,1.668782427504256,50.445859872611464,1.6992863
Resnet50 Supervised Randomly Initialized Model,4,57.513993029887,1.516952227901768,56.68789808917197,1.5277166
Resnet50 Supervised Randomly Initialized Model,5,61.47428450733974,1.4258534933465559,61.17197452229299,1.4521979
Resnet50 Supervised Randomly Initialized Model,6,65.38177209842644,1.3376177395316395,65.37579617834395,1.3270286
Resnet50 Supervised Randomly Initialized Model,7,67.64177843489281,1.283874712078958,66.5732484076433,1.3371575
Resnet50 Supervised Randomly Initialized Model,8,69.98627098954483,1.2381855435669422,70.26751592356688,1.2297838
Resnet50 Supervised Randomly Initialized Model,9,71.34861125778858,1.210909452893444,72.35668789808918,1.2012539
Resnet50 Supervised Randomly Initialized Model,10,73.2601119442391,1.1625424677858482,72.78980891719745,1.1842521
Resnet50 Supervised Randomly Initialized Model,11,79.63882141725631,1.024028813818822,78.5732484076433,1.0407778
Resnet50 Supervised Randomly Initialized Model,12,81.32854578096948,0.9879109686290896,78.80254777070064,1.038612
Resnet50 Supervised Randomly Initialized Model,13,81.89882775372267,0.9725359506099611,80.35668789808918,1.0068897
Resnet50 Supervised Randomly Initialized Model,14,82.90210159467736,0.9564059442160903,79.84713375796179,1.0034366
Resnet50 Supervised Randomly Initialized Model,15,83.68359911289471,0.939323431132613,81.12101910828025,0.9868
Resnet50 Supervised Randomly Initialized Model,16,83.73640299926075,0.9302462400818193,81.91082802547771,0.9790967
Resnet50 Supervised Randomly Initialized Model,17,84.8241630584011,0.9161696744126242,82.01273885350318,0.97280866
Resnet50 Supervised Randomly Initialized Model,18,85.42612736297392,0.9089448092555678,81.40127388535032,0.98151463
Resnet50 Supervised Randomly Initialized Model,19,85.56341746752561,0.904700842358776,81.96178343949045,0.9688207
Resnet50 Supervised Randomly Initialized Model,20,85.95416622663429,0.8883331216670372,82.21656050955414,0.9695789
Resnet50 Supervised Randomly Initialized Model,21,87.05248706304783,0.8573370214451004,83.21019108280255,0.94959295
Resnet50 Supervised Randomly Initialized Model,22,87.46435737670292,0.8525942991915587,83.0828025477707,0.95302594
Resnet50 Supervised Randomly Initialized Model,23,87.68613369944028,0.8492777770435488,83.4140127388535,0.94492155
Resnet50 Supervised Randomly Initialized Model,24,88.04520012672933,0.8412755560633298,83.36305732484077,0.94289404
Resnet50 Supervised Randomly Initialized Model,25,87.74949836307952,0.8436542990038524,83.69426751592357,0.9426873
Resnet50 Supervised Randomly Initialized Model,26,87.93959235399726,0.8407165936722949,83.56687898089172,0.9409528
Resnet50 Supervised Randomly Initialized Model,27,87.66501214489386,0.844499471924595,83.54140127388536,0.9457729
Resnet50 Supervised Randomly Initialized Model,28,87.5805259267082,0.8392178616612345,83.77070063694268,0.93733186
Resnet50 Supervised Randomly Initialized Model,29,88.03463934945611,0.8411131920041265,83.31210191082802,0.94159836
Resnet50 Supervised Randomly Initialized Model,30,88.50987432675045,0.8362188330171881,83.3375796178344,0.94447166
Resnet50 Supervised Randomly Initialized Model,31,87.96071390854367,0.8392092248273862,83.43949044585987,0.93959576
Resnet50 Supervised Randomly Initialized Model,32,88.05576090400254,0.8402060063908229,83.0828025477707,0.9457118
Resnet50 Supervised Randomly Initialized Model,33,88.69996831766818,0.8310210497395413,83.89808917197452,0.9423457
Resnet50 Supervised Randomly Initialized Model,34,87.99239624036329,0.8397910872826705,83.61783439490446,0.9381175
Resnet50 Supervised Randomly Initialized Model,35,88.02407857218292,0.8389770496334579,83.6687898089172,0.9460298
Resnet50 Supervised Randomly Initialized Model,36,88.59436054493611,0.8289301160823654,84.05095541401273,0.93804735
Resnet50 Supervised Randomly Initialized Model,37,88.33034111310593,0.8306476625840407,83.46496815286625,0.93697584
Resnet50 Supervised Randomly Initialized Model,38,88.76333298130743,0.830325809181542,83.59235668789809,0.93810105
Resnet50 Supervised Randomly Initialized Model,39,88.39370577674516,0.832502877289379,83.64331210191082,0.93928516
Resnet50 Supervised Randomly Initialized Model,40,88.59436054493611,0.8311466484053714,84.02547770700637,0.93292105
Resnet50 Supervised Randomly Initialized Model,41,88.61548209948252,0.8321172426882628,83.77070063694268,0.93805045
Resnet50 Supervised Randomly Initialized Model,42,88.62604287675573,0.833968633332768,83.43949044585987,0.94047165
Resnet50 Supervised Randomly Initialized Model,43,88.31978033583272,0.8351982541986414,83.82165605095541,0.9394753
Resnet50 Supervised Randomly Initialized Model,44,88.67884676312177,0.8305436175417256,83.84713375796179,0.9393358
Resnet50 Supervised Randomly Initialized Model,45,88.1508078994614,0.8330103411666445,83.4140127388535,0.9401006
Resnet50 Supervised Randomly Initialized Model,46,88.38314499947197,0.8354839409726698,83.71974522292993,0.94054484
Resnet50 Supervised Randomly Initialized Model,47,88.54155665857007,0.8305502127151232,83.64331210191082,0.9401657
Resnet50 Supervised Randomly Initialized Model,48,88.2880980040131,0.8330451423251951,83.64331210191082,0.94026935
Resnet50 Supervised Randomly Initialized Model,49,88.2775372267399,0.8381519404214781,83.84713375796179,0.93527174
Resnet50 Supervised Randomly Initialized Model,50,88.42538810856479,0.832562020702942,83.84713375796179,0.9382165
